"g","t","x","y","a","b"
1,1,2.01681931037456,8.90568024969301,9.37354618925767,-13.8163566757779
1,2,6.60797792486846,49.1123529360177,9.37354618925767,-13.8163566757779
1,3,2.05974574899301,2.70506413639457,9.37354618925767,-13.8163566757779
1,4,3.84103718213737,24.4027568810305,9.37354618925767,-13.8163566757779
1,5,7.17618508264422,60.6639058256234,9.37354618925767,-13.8163566757779
1,6,7.77445221319795,63.5931737461621,9.37354618925767,-13.8163566757779
1,7,6.51673766085878,43.8256137638478,9.37354618925767,-13.8163566757779
1,8,3.86114092543721,15.7321264705084,9.37354618925767,-13.8163566757779
1,9,8.6969084572047,66.4699839531908,9.37354618925767,-13.8163566757779
1,10,5.99565825425088,42.3356521161499,9.37354618925767,-13.8163566757779
1,11,8.27373318606988,65.0449133995092,9.37354618925767,-13.8163566757779
1,12,1.07943625887856,-1.91650708116772,9.37354618925767,-13.8163566757779
1,13,8.20946294115856,64.2676103301161,9.37354618925767,-13.8163566757779
1,14,5.53036311641335,38.2464523893852,9.37354618925767,-13.8163566757779
1,15,0.23331202333793,-11.8007159716621,9.37354618925767,-13.8163566757779
1,16,6.92731556482613,50.9487695200964,9.37354618925767,-13.8163566757779
1,17,4.38097107224166,25.1760165045905,9.37354618925767,-13.8163566757779
1,18,0.994661601725966,-5.92730037464442,9.37354618925767,-13.8163566757779
1,19,6.62005076417699,47.5298752681472,9.37354618925767,-13.8163566757779
1,20,2.93603372760117,13.396327901081,9.37354618925767,-13.8163566757779
1,21,6.5087046707049,45.2448722469229,9.37354618925767,-13.8163566757779
1,22,7.66310670645908,53.8829493199406,9.37354618925767,-13.8163566757779
1,23,3.39072937844321,20.9432828646699,9.37354618925767,-13.8163566757779
1,24,3.33774930797517,17.2922504405566,9.37354618925767,-13.8163566757779
1,25,8.64339470630512,66.3648639901955,9.37354618925767,-13.8163566757779
1,26,9.60617997217923,75.7340442070053,9.37354618925767,-13.8163566757779
1,27,3.99994368897751,22.318948329623,9.37354618925767,-13.8163566757779
1,28,2.02692255144939,6.8530850783019,9.37354618925767,-13.8163566757779
1,29,2.45488513959572,5.99785082837991,9.37354618925767,-13.8163566757779
1,30,0.589343772735447,-7.19836971428034,9.37354618925767,-13.8163566757779
1,31,7.78914677444845,61.6917117751392,9.37354618925767,-13.8163566757779
1,32,4.10084082046524,27.2663873490089,9.37354618925767,-13.8163566757779
1,33,6.54723928077146,46.4243849789047,9.37354618925767,-13.8163566757779
1,34,9.9268406117335,80.2567013859781,9.37354618925767,-13.8163566757779
1,35,1.29372348077595,-1.85421229373206,9.37354618925767,-13.8163566757779
1,36,5.9876096714288,48.2499788381234,9.37354618925767,-13.8163566757779
1,37,3.56726912083104,19.1037346899069,9.37354618925767,-13.8163566757779
1,38,0.130775754805654,-10.8813652153448,9.37354618925767,-13.8163566757779
1,39,4.46284348610789,29.0924995645961,9.37354618925767,-13.8163566757779
1,40,4.95593577856198,32.520616247368,9.37354618925767,-13.8163566757779
1,41,7.54820944508538,56.58965723745,9.37354618925767,-13.8163566757779
1,42,2.07545113284141,3.40816075481096,9.37354618925767,-13.8163566757779
1,43,5.7487219828181,35.7942591751709,9.37354618925767,-13.8163566757779
1,44,6.42795492196456,50.8330402724117,9.37354618925767,-13.8163566757779
1,45,5.60900748008862,38.9557985597394,9.37354618925767,-13.8163566757779
1,46,5.07641822332516,35.1942126032488,9.37354618925767,-13.8163566757779
1,47,2.38868677755818,6.62707893220602,9.37354618925767,-13.8163566757779
1,48,4.52570831403136,25.8032863499698,9.37354618925767,-13.8163566757779
1,49,1.04987640399486,-0.672384403338109,9.37354618925767,-13.8163566757779
1,50,5.57159538846463,37.079374426195,9.37354618925767,-13.8163566757779
1,51,5.00440972624347,30.3565039422905,9.37354618925767,-13.8163566757779
1,52,0.752757457084954,-8.52891272104817,9.37354618925767,-13.8163566757779
1,53,2.84790480975062,16.6408599203785,9.37354618925767,-13.8163566757779
1,54,7.79984889784828,62.8301482271531,9.37354618925767,-13.8163566757779
1,55,0.638084805104882,-9.10967013259569,9.37354618925767,-13.8163566757779
1,56,3.37615333497524,18.8290236652694,9.37354618925767,-13.8163566757779
1,57,8.56131664710119,65.6062062694216,9.37354618925767,-13.8163566757779
1,58,8.95445425994694,71.2286903591787,9.37354618925767,-13.8163566757779
1,59,6.05303446529433,46.8199783775174,9.37354618925767,-13.8163566757779
1,60,1.9126010988839,7.73510148418478,9.37354618925767,-13.8163566757779
1,61,8.77057543024421,65.752422056227,9.37354618925767,-13.8163566757779
1,62,7.24498892668635,58.8553820327994,9.37354618925767,-13.8163566757779
1,63,7.11743867723271,52.0527618825046,9.37354618925767,-13.8163566757779
1,64,9.27302088588476,71.3849366693033,9.37354618925767,-13.8163566757779
1,65,1.10360604943708,-0.482022611002926,9.37354618925767,-13.8163566757779
1,66,7.82851336989552,57.7034749584866,9.37354618925767,-13.8163566757779
1,67,5.16796836396679,32.7778637653634,9.37354618925767,-13.8163566757779
1,68,5.18576137488708,35.2667034154067,9.37354618925767,-13.8163566757779
1,69,2.56367604015395,11.9445354465878,9.37354618925767,-13.8163566757779
1,70,1.00140846567228,-2.27948574043349,9.37354618925767,-13.8163566757779
1,71,8.18634688388556,61.4166541736009,9.37354618925767,-13.8163566757779
1,72,9.53355451114476,80.5933851238015,9.37354618925767,-13.8163566757779
1,73,2.62474110117182,7.86991476438251,9.37354618925767,-13.8163566757779
1,74,5.10125206550583,38.2973118989121,9.37354618925767,-13.8163566757779
1,75,2.57621260825545,5.29134303386468,9.37354618925767,-13.8163566757779
1,76,8.54001502273604,65.0554448084668,9.37354618925767,-13.8163566757779
1,77,3.74486864544451,22.2931941749055,9.37354618925767,-13.8163566757779
1,78,6.89627848798409,52.3087932591285,9.37354618925767,-13.8163566757779
1,79,4.29624407785013,26.0983095509385,9.37354618925767,-13.8163566757779
1,80,5.78353944001719,44.4250338781279,9.37354618925767,-13.8163566757779
1,81,4.15047625312582,22.6786845382198,9.37354618925767,-13.8163566757779
1,82,1.32689975202084,-1.67917278533675,9.37354618925767,-13.8163566757779
1,83,7.61973861604929,62.1010714749456,9.37354618925767,-13.8163566757779
1,84,6.03588067693636,42.6483471279317,9.37354618925767,-13.8163566757779
1,85,2.47726832982153,9.39326183561282,9.37354618925767,-13.8163566757779
1,86,9.34691370232031,73.9778519612304,9.37354618925767,-13.8163566757779
1,87,2.77966029476374,14.6326668002289,9.37354618925767,-13.8163566757779
1,88,1.65027638664469,-2.90259698588302,9.37354618925767,-13.8163566757779
1,89,6.20410033036023,41.4705470238121,9.37354618925767,-13.8163566757779
1,90,1.09029268613085,-4.4993762030304,9.37354618925767,-13.8163566757779
1,91,2.98652542056516,11.5686286782223,9.37354618925767,-13.8163566757779
1,92,1.81231822818518,3.00080161220728,9.37354618925767,-13.8163566757779
1,93,0.277871224097908,-11.0061833221992,9.37354618925767,-13.8163566757779
1,94,3.73063371982425,16.1579935035609,9.37354618925767,-13.8163566757779
1,95,3.21492120390758,13.271068883309,9.37354618925767,-13.8163566757779
1,96,2.21305927727371,4.67539967573209,9.37354618925767,-13.8163566757779
1,97,9.81563460314646,76.8464249438811,9.37354618925767,-13.8163566757779
1,98,6.8144251476042,46.2000706072261,9.37354618925767,-13.8163566757779
1,99,0.504396595060825,-4.67760090302202,9.37354618925767,-13.8163566757779
1,100,0.948578554671258,-4.98049127757152,9.37354618925767,-13.8163566757779
2,1,0.684466371312737,-9.05895502465254,9.68193162545615,-14.9293621474537
2,2,1.93309862399474,6.78685296646847,9.68193162545615,-14.9293621474537
2,3,2.67212083097547,10.9043409920208,9.68193162545615,-14.9293621474537
2,4,3.53884240612388,24.9413399291732,9.68193162545615,-14.9293621474537
2,5,6.64618249749765,47.9521054591121,9.68193162545615,-14.9293621474537
2,6,9.96077371528372,84.6856170466912,9.68193162545615,-14.9293621474537
2,7,8.12305092345923,66.0562135108046,9.68193162545615,-14.9293621474537
2,8,7.62151529546827,65.4799352192598,9.68193162545615,-14.9293621474537
2,9,3.99351106956601,26.3928740952895,9.68193162545615,-14.9293621474537
2,10,3.63696809858084,19.8503155011086,9.68193162545615,-14.9293621474537
2,11,5.82205270184204,47.088901658731,9.68193162545615,-14.9293621474537
2,12,1.76452036481351,2.47201048007675,9.68193162545615,-14.9293621474537
2,13,6.76164050819352,48.6915281164015,9.68193162545615,-14.9293621474537
2,14,1.71800082316622,0.702201827819409,9.68193162545615,-14.9293621474537
2,15,4.86149104312062,27.568417082675,9.68193162545615,-14.9293621474537
2,16,4.18321635806933,31.7979876318201,9.68193162545615,-14.9293621474537
2,17,8.47882149508223,62.9915097224751,9.68193162545615,-14.9293621474537
2,18,4.71930730855092,27.0686782687777,9.68193162545615,-14.9293621474537
2,19,8.37416569236666,64.3720613873962,9.68193162545615,-14.9293621474537
2,20,8.36732269730419,61.6807340086961,9.68193162545615,-14.9293621474537
2,21,6.9882453721948,52.4589833553237,9.68193162545615,-14.9293621474537
2,22,5.62176787760109,43.8939719935752,9.68193162545615,-14.9293621474537
2,23,2.21813754411414,5.94247027290012,9.68193162545615,-14.9293621474537
2,24,8.64807550329715,66.0223850751193,9.68193162545615,-14.9293621474537
2,25,4.29713366786018,27.1605581108859,9.68193162545615,-14.9293621474537
2,26,9.7855406277813,77.6183286094893,9.68193162545615,-14.9293621474537
2,27,7.96836083987728,65.1021398230521,9.68193162545615,-14.9293621474537
2,28,9.63312016334385,75.1938953754212,9.68193162545615,-14.9293621474537
2,29,9.25229935208336,74.7036771969434,9.68193162545615,-14.9293621474537
2,30,3.48302052123472,20.0289285261541,9.68193162545615,-14.9293621474537
2,31,3.51573409279808,15.9725819969422,9.68193162545615,-14.9293621474537
2,32,1.85069964500144,8.05560513331837,9.68193162545615,-14.9293621474537
2,33,9.43697054404765,78.220264257252,9.68193162545615,-14.9293621474537
2,34,7.81017540255561,53.8325154770319,9.68193162545615,-14.9293621474537
2,35,9.93749226210639,80.1885530721083,9.68193162545615,-14.9293621474537
2,36,7.92909023817629,63.4635293985321,9.68193162545615,-14.9293621474537
2,37,4.94654526002705,31.4586158889672,9.68193162545615,-14.9293621474537
2,38,8.22793305618688,64.2397956260692,9.68193162545615,-14.9293621474537
2,39,6.63010967662558,46.0643058903713,9.68193162545615,-14.9293621474537
2,40,4.05763582326472,20.2457668217544,9.68193162545615,-14.9293621474537
2,41,8.38384066708386,69.7588855909394,9.68193162545615,-14.9293621474537
2,42,0.724606334697455,-8.83999486721738,9.68193162545615,-14.9293621474537
2,43,1.05050138663501,-2.21548465881862,9.68193162545615,-14.9293621474537
2,44,0.52149013383314,-10.0144577390132,9.68193162545615,-14.9293621474537
2,45,0.415284289047122,-12.5338891420766,9.68193162545615,-14.9293621474537
2,46,6.09748935094103,42.21521183352,9.68193162545615,-14.9293621474537
2,47,3.66563616320491,25.2895510921519,9.68193162545615,-14.9293621474537
2,48,0.700326792430133,-2.73942030391773,9.68193162545615,-14.9293621474537
2,49,3.70272380299866,18.0605471055812,9.68193162545615,-14.9293621474537
2,50,6.57828069292009,49.3526820506754,9.68193162545615,-14.9293621474537
2,51,6.03792401496321,38.9859143003688,9.68193162545615,-14.9293621474537
2,52,4.75397920468822,22.4315774461394,9.68193162545615,-14.9293621474537
2,53,2.60929737240076,14.9584558090937,9.68193162545615,-14.9293621474537
2,54,1.63085478357971,0.681292530085288,9.68193162545615,-14.9293621474537
2,55,4.60895179538056,34.7850376426135,9.68193162545615,-14.9293621474537
2,56,3.97147933254018,19.9628532863742,9.68193162545615,-14.9293621474537
2,57,8.63630566513166,68.2032232803736,9.68193162545615,-14.9293621474537
2,58,6.91927672130987,54.1845339680731,9.68193162545615,-14.9293621474537
2,59,8.49457093048841,72.1587494955269,9.68193162545615,-14.9293621474537
2,60,5.02250815276057,31.0620955372721,9.68193162545615,-14.9293621474537
2,61,8.77578062238172,66.7156513415429,9.68193162545615,-14.9293621474537
2,62,9.39136706059799,74.362839382812,9.68193162545615,-14.9293621474537
2,63,3.99102555820718,23.4069640796611,9.68193162545615,-14.9293621474537
2,64,5.17009826377034,38.1885674656126,9.68193162545615,-14.9293621474537
2,65,5.54177061188966,40.1985841186155,9.68193162545615,-14.9293621474537
2,66,6.63342725252733,49.0860625149146,9.68193162545615,-14.9293621474537
2,67,4.02197062736377,27.1146254381083,9.68193162545615,-14.9293621474537
2,68,5.32601219369099,40.0754088198556,9.68193162545615,-14.9293621474537
2,69,0.0812845537438989,-12.3241503633133,9.68193162545615,-14.9293621474537
2,70,1.87426371034235,4.34130416449063,9.68193162545615,-14.9293621474537
2,71,3.35320759797469,18.5947879620527,9.68193162545615,-14.9293621474537
2,72,7.08975198445842,52.5454202623596,9.68193162545615,-14.9293621474537
2,73,3.8807848887518,27.031186414784,9.68193162545615,-14.9293621474537
2,74,7.58696807082742,63.6860258561782,9.68193162545615,-14.9293621474537
2,75,6.06440994655713,38.1157588729766,9.68193162545615,-14.9293621474537
2,76,2.77658086735755,8.38596407827311,9.68193162545615,-14.9293621474537
2,77,3.70309785706922,19.6607844136136,9.68193162545615,-14.9293621474537
2,78,6.21773279504851,44.493503890206,9.68193162545615,-14.9293621474537
2,79,6.53349443105981,46.9973297962741,9.68193162545615,-14.9293621474537
2,80,1.15342324832454,4.1855035213207,9.68193162545615,-14.9293621474537
2,81,5.61988092726097,41.3451033417066,9.68193162545615,-14.9293621474537
2,82,5.72170259663835,33.6003992348734,9.68193162545615,-14.9293621474537
2,83,7.70653631538153,58.7880675868731,9.68193162545615,-14.9293621474537
2,84,0.496535839047283,-7.36252507138198,9.68193162545615,-14.9293621474537
2,85,6.54732875758782,45.1220583535901,9.68193162545615,-14.9293621474537
2,86,7.31371578993276,59.8543099492261,9.68193162545615,-14.9293621474537
2,87,2.41579222260043,9.56855028426549,9.68193162545615,-14.9293621474537
2,88,9.57636520732194,74.7851344671583,9.68193162545615,-14.9293621474537
2,89,2.52009797375649,5.52746870420724,9.68193162545615,-14.9293621474537
2,90,5.25305503746495,37.2314639986754,9.68193162545615,-14.9293621474537
2,91,8.42589903390035,68.5547971645409,9.68193162545615,-14.9293621474537
2,92,9.48938177432865,78.07529423477,9.68193162545615,-14.9293621474537
2,93,5.96448455704376,42.1767116604442,9.68193162545615,-14.9293621474537
2,94,5.2804887923412,41.5312571514077,9.68193162545615,-14.9293621474537
2,95,5.53475703578442,36.5673063984805,9.68193162545615,-14.9293621474537
2,96,6.51940943440422,51.0565242655287,9.68193162545615,-14.9293621474537
2,97,4.79835794307292,31.4908930624915,9.68193162545615,-14.9293621474537
2,98,4.50485437177122,31.367350969949,9.68193162545615,-14.9293621474537
2,99,1.47481045220047,1.37143784057206,9.68193162545615,-14.9293621474537
2,100,9.74792463472113,78.2984813371509,9.68193162545615,-14.9293621474537
3,1,5.3306060587056,49.9280602150613,11.654145302275,-12.4877873060494
3,2,4.05790500110015,31.7299817609968,11.654145302275,-12.4877873060494
3,3,6.2665484752506,55.8118250215865,11.654145302275,-12.4877873060494
3,4,2.12645345833153,12.591445736563,11.654145302275,-12.4877873060494
3,5,3.24865140486509,26.2973944486955,11.654145302275,-12.4877873060494
3,6,6.34875798830763,61.3937935107992,11.654145302275,-12.4877873060494
3,7,8.57501537073404,86.458145216562,11.654145302275,-12.4877873060494
3,8,8.28534359810874,83.7077805316014,11.654145302275,-12.4877873060494
3,9,0.978085375390947,-5.63369860821789,11.654145302275,-12.4877873060494
3,10,6.68050603941083,69.2915053303125,11.654145302275,-12.4877873060494
3,11,9.32808704674244,93.719417429899,11.654145302275,-12.4877873060494
3,12,2.24630508804694,8.08161221268142,11.654145302275,-12.4877873060494
3,13,6.85107505181804,72.0729355770667,11.654145302275,-12.4877873060494
3,14,8.43120148405433,84.7104590043865,11.654145302275,-12.4877873060494
3,15,5.67687397589907,49.7422882466826,11.654145302275,-12.4877873060494
3,16,5.88066393043846,58.0840169351749,11.654145302275,-12.4877873060494
3,17,3.71795737184584,33.3540113252072,11.654145302275,-12.4877873060494
3,18,6.23435709392652,59.0659638643277,11.654145302275,-12.4877873060494
3,19,9.13784642005339,91.4751564533635,11.654145302275,-12.4877873060494
3,20,6.71408327762038,67.9573649095405,11.654145302275,-12.4877873060494
3,21,8.28075018012896,84.2211956735792,11.654145302275,-12.4877873060494
3,22,4.19973319862038,35.3995467048111,11.654145302275,-12.4877873060494
3,23,2.98161529470235,20.4821607622546,11.654145302275,-12.4877873060494
3,24,7.7818130212836,75.0122201126768,11.654145302275,-12.4877873060494
3,25,5.97240485483781,57.1594271136685,11.654145302275,-12.4877873060494
3,26,4.26098100841045,30.3756364267364,11.654145302275,-12.4877873060494
3,27,0.794396931305528,-3.17431333059182,11.654145302275,-12.4877873060494
3,28,5.983954181429,56.6762473548746,11.654145302275,-12.4877873060494
3,29,7.89094472071156,76.5847294999817,11.654145302275,-12.4877873060494
3,30,4.73503098357469,47.1165953306315,11.654145302275,-12.4877873060494
3,31,7.50882187858224,76.3954896940635,11.654145302275,-12.4877873060494
3,32,0.732468697242439,-4.52988595838992,11.654145302275,-12.4877873060494
3,33,9.42704762332141,99.0560812865368,11.654145302275,-12.4877873060494
3,34,4.70128617715091,38.7809540874301,11.654145302275,-12.4877873060494
3,35,4.38157397089526,38.0577067115914,11.654145302275,-12.4877873060494
3,36,1.46561842877418,4.00696628224496,11.654145302275,-12.4877873060494
3,37,0.047664453741163,-11.144303108324,11.654145302275,-12.4877873060494
3,38,7.06661531934515,67.9609454177849,11.654145302275,-12.4877873060494
3,39,3.33605515072122,26.9836026179653,11.654145302275,-12.4877873060494
3,40,0.515953230205923,-4.63813887008402,11.654145302275,-12.4877873060494
3,41,7.51221985556185,70.1484485768482,11.654145302275,-12.4877873060494
3,42,2.97694456763566,20.4883294302164,11.654145302275,-12.4877873060494
3,43,0.863953751977533,-7.58109673228911,11.654145302275,-12.4877873060494
3,44,5.42336010141298,51.55058173973,11.654145302275,-12.4877873060494
3,45,2.05230931984261,10.5265327647505,11.654145302275,-12.4877873060494
3,46,8.35517949890345,81.3817016223712,11.654145302275,-12.4877873060494
3,47,4.96685219928622,49.2798541216035,11.654145302275,-12.4877873060494
3,48,1.2856467650272,2.05770001559435,11.654145302275,-12.4877873060494
3,49,4.34900622116402,35.9312522403133,11.654145302275,-12.4877873060494
3,50,4.48427465045825,42.0603605829544,11.654145302275,-12.4877873060494
3,51,8.66808582562953,86.0717395606136,11.654145302275,-12.4877873060494
3,52,1.6489114635624,7.22189199617761,11.654145302275,-12.4877873060494
3,53,8.7591898906976,91.2394471748936,11.654145302275,-12.4877873060494
3,54,8.20279993582517,76.7207530868451,11.654145302275,-12.4877873060494
3,55,6.3489483576268,60.9630081740464,11.654145302275,-12.4877873060494
3,56,7.53332700580359,72.8731897697171,11.654145302275,-12.4877873060494
3,57,9.07249193172902,94.9261532988398,11.654145302275,-12.4877873060494
3,58,4.72487921128049,45.851648424518,11.654145302275,-12.4877873060494
3,59,6.20427925605327,58.1780248826505,11.654145302275,-12.4877873060494
3,60,0.456392089836299,-9.94186589567005,11.654145302275,-12.4877873060494
3,61,9.44410233525559,96.3601920831207,11.654145302275,-12.4877873060494
3,62,6.25245335279033,58.2338273610619,11.654145302275,-12.4877873060494
3,63,8.06541827740148,80.337740534221,11.654145302275,-12.4877873060494
3,64,0.34438761183992,-2.78727971476772,11.654145302275,-12.4877873060494
3,65,2.73255241801962,20.7366406376535,11.654145302275,-12.4877873060494
3,66,9.47020521620288,96.630694231351,11.654145302275,-12.4877873060494
3,67,3.5358579759486,27.8591436643604,11.654145302275,-12.4877873060494
3,68,9.59968606010079,98.5013165364863,11.654145302275,-12.4877873060494
3,69,9.25323475850746,99.5035145604158,11.654145302275,-12.4877873060494
3,70,7.17090838821605,69.9185184817589,11.654145302275,-12.4877873060494
3,71,7.4297241307795,76.8419452367781,11.654145302275,-12.4877873060494
3,72,0.358651343267411,-10.6243448478266,11.654145302275,-12.4877873060494
3,73,3.05696442024782,24.9573139479854,11.654145302275,-12.4877873060494
3,74,9.10060926806182,96.6252981227874,11.654145302275,-12.4877873060494
3,75,4.00843428215012,34.8082652535783,11.654145302275,-12.4877873060494
3,76,8.72974850703031,94.3773333435026,11.654145302275,-12.4877873060494
3,77,9.24366363789886,91.923294124929,11.654145302275,-12.4877873060494
3,78,4.89962622057647,44.4179658744184,11.654145302275,-12.4877873060494
3,79,0.392489600926638,-6.80347722357446,11.654145302275,-12.4877873060494
3,80,3.51666721282527,33.3330037665681,11.654145302275,-12.4877873060494
3,81,0.507859203498811,-0.385096937155972,11.654145302275,-12.4877873060494
3,82,0.361960020381957,-10.1929834361553,11.654145302275,-12.4877873060494
3,83,2.47894181171432,14.233901391727,11.654145302275,-12.4877873060494
3,84,2.64620627742261,19.8543758285696,11.654145302275,-12.4877873060494
3,85,0.627861295361072,-5.94846783532189,11.654145302275,-12.4877873060494
3,86,6.31048747571185,62.834504827159,11.654145302275,-12.4877873060494
3,87,4.21446080552414,42.4440359917002,11.654145302275,-12.4877873060494
3,88,2.23767722956836,13.513283054178,11.654145302275,-12.4877873060494
3,89,2.58602296933532,17.3079478341982,11.654145302275,-12.4877873060494
3,90,9.90660011768341,101.663671696879,11.654145302275,-12.4877873060494
3,91,9.61853419896215,103.440344376664,11.654145302275,-12.4877873060494
3,92,7.84935477888212,81.548178796951,11.654145302275,-12.4877873060494
3,93,5.81277578603476,53.9409389124705,11.654145302275,-12.4877873060494
3,94,0.658019641414285,-8.91746658724336,11.654145302275,-12.4877873060494
3,95,3.35745624266565,23.1044782647748,11.654145302275,-12.4877873060494
3,96,0.373126757331192,-15.1674832210218,11.654145302275,-12.4877873060494
3,97,8.31898988224566,86.6483956149236,11.654145302275,-12.4877873060494
3,98,1.88163298880681,7.18240511297047,11.654145302275,-12.4877873060494
3,99,0.599002409726381,-8.64005240810995,11.654145302275,-12.4877873060494
3,100,0.42885891860351,-7.32080764630431,11.654145302275,-12.4877873060494
4,1,1.57602083170786,2.20347799016803,10.5093694066739,-16.0978829597843
4,2,8.85226304875687,75.5747082507011,10.5093694066739,-16.0978829597843
4,3,9.84820266254246,82.1198377821754,10.5093694066739,-16.0978829597843
4,4,8.2239915127866,72.1175759476497,10.5093694066739,-16.0978829597843
4,5,5.01948604593053,36.1119977139626,10.5093694066739,-16.0978829597843
4,6,9.26113174064085,79.1130532506803,10.5093694066739,-16.0978829597843
4,7,7.35003646463156,63.1844526904013,10.5093694066739,-16.0978829597843
4,8,4.62730274768546,35.7824407024092,10.5093694066739,-16.0978829597843
4,9,2.08039013436064,9.99768362209855,10.5093694066739,-16.0978829597843
4,10,4.11155431065708,26.7829930280487,10.5093694066739,-16.0978829597843
4,11,6.70353451743722,56.4411730356007,10.5093694066739,-16.0978829597843
4,12,8.19952085847035,66.1180822460078,10.5093694066739,-16.0978829597843
4,13,6.422145802062,54.8354394463239,10.5093694066739,-16.0978829597843
4,14,2.62432192219421,15.0639513463643,10.5093694066739,-16.0978829597843
4,15,4.88866982283071,28.2795440614923,10.5093694066739,-16.0978829597843
4,16,4.42161690909415,26.9300801043267,10.5093694066739,-16.0978829597843
4,17,3.02431331714615,13.5633329282094,10.5093694066739,-16.0978829597843
4,18,8.9291041251272,84.7930337392004,10.5093694066739,-16.0978829597843
4,19,9.9278808827512,88.5375938652726,10.5093694066739,-16.0978829597843
4,20,9.6467367419973,82.1522347136135,10.5093694066739,-16.0978829597843
4,21,0.242514880374074,-12.6922830996841,10.5093694066739,-16.0978829597843
4,22,8.01141887204722,64.825356686954,10.5093694066739,-16.0978829597843
4,23,9.88833592971787,87.0517297692519,10.5093694066739,-16.0978829597843
4,24,4.77728241123259,34.4416619491019,10.5093694066739,-16.0978829597843
4,25,9.99930593650788,89.1976022463776,10.5093694066739,-16.0978829597843
4,26,4.38540067756549,30.9126126302937,10.5093694066739,-16.0978829597843
4,27,1.34169772733003,0.28714714585653,10.5093694066739,-16.0978829597843
4,28,2.82136296620592,10.9330690771968,10.5093694066739,-16.0978829597843
4,29,5.30808792915195,41.1307799074574,10.5093694066739,-16.0978829597843
4,30,9.54987998353317,80.7156068552686,10.5093694066739,-16.0978829597843
4,31,5.04505032906309,37.516453668918,10.5093694066739,-16.0978829597843
4,32,6.54444975312799,57.4620594209647,10.5093694066739,-16.0978829597843
4,33,0.849210591986775,0.507605021627741,10.5093694066739,-16.0978829597843
4,34,8.95646296674386,81.5071685154879,10.5093694066739,-16.0978829597843
4,35,1.32591909728944,-4.03899164873107,10.5093694066739,-16.0978829597843
4,36,8.19601821480319,67.2293924478704,10.5093694066739,-16.0978829597843
4,37,1.6671216674149,3.58038995876451,10.5093694066739,-16.0978829597843
4,38,2.72685303352773,11.3484125067738,10.5093694066739,-16.0978829597843
4,39,5.91535301180556,45.83825435557,10.5093694066739,-16.0978829597843
4,40,9.67837428674102,86.7380828597169,10.5093694066739,-16.0978829597843
4,41,3.57180385151878,21.5374350486872,10.5093694066739,-16.0978829597843
4,42,1.52667565271258,-2.26546713702447,10.5093694066739,-16.0978829597843
4,43,6.14346859045327,48.4784037664577,10.5093694066739,-16.0978829597843
4,44,4.07714852597564,27.3743964621822,10.5093694066739,-16.0978829597843
4,45,4.80965640163049,39.0977117727765,10.5093694066739,-16.0978829597843
4,46,5.34861729713157,39.6800323608402,10.5093694066739,-16.0978829597843
4,47,8.81042381748557,73.5504432103212,10.5093694066739,-16.0978829597843
4,48,4.02987202163786,26.6832736698903,10.5093694066739,-16.0978829597843
4,49,1.16568592377007,0.475420467204978,10.5093694066739,-16.0978829597843
4,50,1.63207626901567,1.29181457800357,10.5093694066739,-16.0978829597843
4,51,3.25715993763879,15.1592223056644,10.5093694066739,-16.0978829597843
4,52,4.62357048643753,30.184150295184,10.5093694066739,-16.0978829597843
4,53,6.19192603277043,48.2347567548896,10.5093694066739,-16.0978829597843
4,54,5.05881984485313,38.8737919371013,10.5093694066739,-16.0978829597843
4,55,3.79413213115185,22.9126119531211,10.5093694066739,-16.0978829597843
4,56,3.64431851310655,23.2670131201713,10.5093694066739,-16.0978829597843
4,57,6.9619258842431,59.7633347623811,10.5093694066739,-16.0978829597843
4,58,1.12592625897378,-0.309761062784463,10.5093694066739,-16.0978829597843
4,59,4.73755787825212,35.3836673502189,10.5093694066739,-16.0978829597843
4,60,2.99640627577901,17.0044358794173,10.5093694066739,-16.0978829597843
4,61,0.138403405435383,-14.2564051853328,10.5093694066739,-16.0978829597843
4,62,9.31660708039999,83.3046653222439,10.5093694066739,-16.0978829597843
4,63,4.11038370104507,23.6176927532596,10.5093694066739,-16.0978829597843
4,64,6.40118008246645,49.9894993555573,10.5093694066739,-16.0978829597843
4,65,9.39408880425617,81.7422204992007,10.5093694066739,-16.0978829597843
4,66,6.9027868588455,49.4509177221685,10.5093694066739,-16.0978829597843
4,67,7.91674596024677,67.1584783368315,10.5093694066739,-16.0978829597843
4,68,7.37212277250364,59.8458188699523,10.5093694066739,-16.0978829597843
4,69,1.12113637849689,-1.81467949832583,10.5093694066739,-16.0978829597843
4,70,8.32918174797669,73.5402827863176,10.5093694066739,-16.0978829597843
4,71,2.78440013062209,12.754753526372,10.5093694066739,-16.0978829597843
4,72,3.29918325645849,21.8643732676522,10.5093694066739,-16.0978829597843
4,73,4.02256899746135,25.4638213933349,10.5093694066739,-16.0978829597843
4,74,1.77000096300617,0.626376258410831,10.5093694066739,-16.0978829597843
4,75,8.16055504838005,69.0678108766848,10.5093694066739,-16.0978829597843
4,76,2.88610127288848,16.7809726197136,10.5093694066739,-16.0978829597843
4,77,7.89792735129595,67.0865588682449,10.5093694066739,-16.0978829597843
4,78,2.75177087867633,15.3667546679228,10.5093694066739,-16.0978829597843
4,79,8.38122266577557,67.753340509731,10.5093694066739,-16.0978829597843
4,80,8.64617826649919,80.8425245350655,10.5093694066739,-16.0978829597843
4,81,0.248606903478503,-15.7717016967315,10.5093694066739,-16.0978829597843
4,82,3.85239424882457,20.2587936600665,10.5093694066739,-16.0978829597843
4,83,5.66582458792254,42.1145350235487,10.5093694066739,-16.0978829597843
4,84,3.77303513931111,28.5880039625261,10.5093694066739,-16.0978829597843
4,85,6.87330156099051,52.8543780280458,10.5093694066739,-16.0978829597843
4,86,7.62604692019522,63.6124366150854,10.5093694066739,-16.0978829597843
4,87,6.80455088848248,51.0822621677833,10.5093694066739,-16.0978829597843
4,88,7.89914111606777,64.6339881992487,10.5093694066739,-16.0978829597843
4,89,3.84648363338783,23.1222735317137,10.5093694066739,-16.0978829597843
4,90,3.8683316949755,28.7373812587772,10.5093694066739,-16.0978829597843
4,91,1.49870562367141,0.515569487624208,10.5093694066739,-16.0978829597843
4,92,0.661104843020439,-6.84525329332816,10.5093694066739,-16.0978829597843
4,93,2.07204139558598,6.78019356020145,10.5093694066739,-16.0978829597843
4,94,9.55421590944752,87.0250165175689,10.5093694066739,-16.0978829597843
4,95,2.22705976804718,2.24370774745493,10.5093694066739,-16.0978829597843
4,96,7.41393025033176,66.3251223989702,10.5093694066739,-16.0978829597843
4,97,7.0135710737668,60.689232789174,10.5093694066739,-16.0978829597843
4,98,8.5880775959231,73.7473769217977,10.5093694066739,-16.0978829597843
4,99,1.27824782626703,-0.769544086007797,10.5093694066739,-16.0978829597843
4,100,2.808000696823,12.7422767266565,10.5093694066739,-16.0978829597843
5,1,5.65281208371744,50.1900101602663,12.0017192277729,-13.7782961837864
5,2,8.18501834524795,83.3003718727754,12.0017192277729,-13.7782961837864
5,3,0.80943378387019,-5.21607080044943,12.0017192277729,-13.7782961837864
5,4,5.32968810759485,48.9160657891212,12.0017192277729,-13.7782961837864
5,5,3.82622060365975,25.8887058286223,12.0017192277729,-13.7782961837864
5,6,8.78513294039294,90.9143780702642,12.0017192277729,-13.7782961837864
5,7,4.02336510131136,36.1002662987917,12.0017192277729,-13.7782961837864
5,8,5.01958322711289,41.1045180481829,12.0017192277729,-13.7782961837864
5,9,9.62841981789097,106.323895041156,12.0017192277729,-13.7782961837864
5,10,7.92595364153385,83.4155747000492,12.0017192277729,-13.7782961837864
5,11,1.35504779173061,-0.986933562705929,12.0017192277729,-13.7782961837864
5,12,9.03465715935454,93.9137114111728,12.0017192277729,-13.7782961837864
5,13,3.7456521904096,31.2226601731914,12.0017192277729,-13.7782961837864
5,14,0.766451810486615,-8.26320452265588,12.0017192277729,-13.7782961837864
5,15,3.04598775692284,24.5613831503818,12.0017192277729,-13.7782961837864
5,16,3.93458866979927,33.5027883285512,12.0017192277729,-13.7782961837864
5,17,0.578751706052572,-8.36450807964729,12.0017192277729,-13.7782961837864
5,18,3.85203435085714,34.6005348176604,12.0017192277729,-13.7782961837864
5,19,6.79111215053126,69.1027207353031,12.0017192277729,-13.7782961837864
5,20,8.02867429330945,84.2572516471565,12.0017192277729,-13.7782961837864
5,21,0.0749460491351783,-12.1472248601171,12.0017192277729,-13.7782961837864
5,22,7.41967155365273,77.4096181499978,12.0017192277729,-13.7782961837864
5,23,2.54935881355777,18.2117718193775,12.0017192277729,-13.7782961837864
5,24,3.78584530204535,26.8784972665641,12.0017192277729,-13.7782961837864
5,25,8.01723313750699,82.2994512561832,12.0017192277729,-13.7782961837864
5,26,5.1200681226328,46.7003719560518,12.0017192277729,-13.7782961837864
5,27,3.99265736807138,28.036738591255,12.0017192277729,-13.7782961837864
5,28,1.603988497518,3.00184852094533,12.0017192277729,-13.7782961837864
5,29,9.66354875126854,104.32048899189,12.0017192277729,-13.7782961837864
5,30,5.15823876019567,48.8918485549111,12.0017192277729,-13.7782961837864
5,31,0.0164226116612554,-14.0679692632185,12.0017192277729,-13.7782961837864
5,32,6.69604706112295,68.1147772935508,12.0017192277729,-13.7782961837864
5,33,1.39022845542058,-0.0367814654507681,12.0017192277729,-13.7782961837864
5,34,4.43703617434949,40.4666952342103,12.0017192277729,-13.7782961837864
5,35,8.35548897273839,85.2148354498168,12.0017192277729,-13.7782961837864
5,36,6.94545476464555,66.6673620960981,12.0017192277729,-13.7782961837864
5,37,0.382361884694546,-6.13075771418303,12.0017192277729,-13.7782961837864
5,38,8.80710697267205,87.9057266841208,12.0017192277729,-13.7782961837864
5,39,7.54322736058384,77.5592752826031,12.0017192277729,-13.7782961837864
5,40,9.1020668274723,102.031411349799,12.0017192277729,-13.7782961837864
5,41,1.23491694685072,-1.76817239050282,12.0017192277729,-13.7782961837864
5,42,1.24628272140399,-0.402865967895584,12.0017192277729,-13.7782961837864
5,43,0.726095444988459,-7.19814331526474,12.0017192277729,-13.7782961837864
5,44,6.45020991796628,59.3351790978242,12.0017192277729,-13.7782961837864
5,45,1.45670357858762,2.88154924031201,12.0017192277729,-13.7782961837864
5,46,5.61379822902381,54.22965575508,12.0017192277729,-13.7782961837864
5,47,1.5891654137522,9.55172787497517,12.0017192277729,-13.7782961837864
5,48,9.07198753440753,91.5042278945047,12.0017192277729,-13.7782961837864
5,49,5.85754387546331,55.0700921943425,12.0017192277729,-13.7782961837864
5,50,3.54495415464044,25.5699979823761,12.0017192277729,-13.7782961837864
5,51,3.34098657825962,22.800335863776,12.0017192277729,-13.7782961837864
5,52,3.53385316440836,31.5122002681923,12.0017192277729,-13.7782961837864
5,53,9.40152207389474,102.029645974102,12.0017192277729,-13.7782961837864
5,54,5.90676085092127,59.9047063201923,12.0017192277729,-13.7782961837864
5,55,4.69929961487651,40.6796823635736,12.0017192277729,-13.7782961837864
5,56,3.28808127669618,23.4166211692825,12.0017192277729,-13.7782961837864
5,57,6.7765420069918,67.7470113504998,12.0017192277729,-13.7782961837864
5,58,2.47471673414111,8.59562526440203,12.0017192277729,-13.7782961837864
5,59,7.19150138553232,70.7775365382938,12.0017192277729,-13.7782961837864
5,60,8.70748400921002,89.8129555632961,12.0017192277729,-13.7782961837864
5,61,2.39606710383669,16.1165076485941,12.0017192277729,-13.7782961837864
5,62,3.77998807933182,31.3180633867393,12.0017192277729,-13.7782961837864
5,63,4.94408113183454,40.6335831500963,12.0017192277729,-13.7782961837864
5,64,1.61438316106796,1.56468687126713,12.0017192277729,-13.7782961837864
5,65,0.638598678633571,-5.64584336643113,12.0017192277729,-13.7782961837864
5,66,5.40642281062901,55.1908458082526,12.0017192277729,-13.7782961837864
5,67,9.60267164045945,100.59068802237,12.0017192277729,-13.7782961837864
5,68,6.80635657161474,71.7999510626838,12.0017192277729,-13.7782961837864
5,69,4.06097129452974,28.3892230878202,12.0017192277729,-13.7782961837864
5,70,5.01537791918963,45.4314233830791,12.0017192277729,-13.7782961837864
5,71,0.0792284356430173,-9.88674866708634,12.0017192277729,-13.7782961837864
5,72,3.85248533217236,37.4377872159968,12.0017192277729,-13.7782961837864
5,73,5.52093794336542,57.0180560899967,12.0017192277729,-13.7782961837864
5,74,2.59914484340698,18.8839333299296,12.0017192277729,-13.7782961837864
5,75,2.1801627590321,13.84303948119,12.0017192277729,-13.7782961837864
5,76,2.59404480922967,17.1195394248566,12.0017192277729,-13.7782961837864
5,77,1.64642814546824,7.68342123774414,12.0017192277729,-13.7782961837864
5,78,2.34714680118486,9.83570212393001,12.0017192277729,-13.7782961837864
5,79,8.06145361857489,79.3792028349114,12.0017192277729,-13.7782961837864
5,80,0.217862285207957,-12.2279181953405,12.0017192277729,-13.7782961837864
5,81,3.12623041914776,23.3432711498449,12.0017192277729,-13.7782961837864
5,82,3.31795465201139,22.8556388008708,12.0017192277729,-13.7782961837864
5,83,1.62601796910167,8.71358021754893,12.0017192277729,-13.7782961837864
5,84,1.38867305591702,1.53422749084519,12.0017192277729,-13.7782961837864
5,85,8.22539104381576,81.823506040101,12.0017192277729,-13.7782961837864
5,86,4.45182651514187,43.2358287524022,12.0017192277729,-13.7782961837864
5,87,6.89892161870375,70.7417798132653,12.0017192277729,-13.7782961837864
5,88,0.378294484689832,-13.2442260743787,12.0017192277729,-13.7782961837864
5,89,9.00214575929567,93.8472777585872,12.0017192277729,-13.7782961837864
5,90,7.11470239562914,68.7091763541427,12.0017192277729,-13.7782961837864
5,91,0.891845354344696,-6.02106026868682,12.0017192277729,-13.7782961837864
5,92,6.28130341181532,59.1728143702837,12.0017192277729,-13.7782961837864
5,93,9.64205690892413,105.494135976202,12.0017192277729,-13.7782961837864
5,94,4.64693185640499,37.6288011179725,12.0017192277729,-13.7782961837864
5,95,1.98872806271538,10.3502973651875,12.0017192277729,-13.7782961837864
5,96,3.83995017269626,34.3095718412647,12.0017192277729,-13.7782961837864
5,97,0.983917720150203,-1.11965105975222,12.0017192277729,-13.7782961837864
5,98,6.49712249170989,70.2623847336414,12.0017192277729,-13.7782961837864
5,99,8.42785842018202,86.5125968928388,12.0017192277729,-13.7782961837864
5,100,4.06196559080854,32.9803094992406,12.0017192277729,-13.7782961837864
6,1,1.00054909707978,-0.492756998202564,9.9887187687496,-13.3803227437902
6,2,8.5045913583599,72.0968735415104,9.9887187687496,-13.3803227437902
6,3,9.54750733915716,80.272092568608,9.9887187687496,-13.3803227437902
6,4,0.707425756845623,-2.46734671184181,9.9887187687496,-13.3803227437902
6,5,5.55886077694595,42.9087843991044,9.9887187687496,-13.3803227437902
6,6,5.09312337264419,36.4744233642124,9.9887187687496,-13.3803227437902
6,7,0.479798603337258,-5.03188167513552,9.9887187687496,-13.3803227437902
6,8,4.13030900992453,32.1266528885259,9.9887187687496,-13.3803227437902
6,9,4.74994423566386,35.2852279218181,9.9887187687496,-13.3803227437902
6,10,0.951943711843342,-0.610173968796439,9.9887187687496,-13.3803227437902
6,11,5.55404131999239,45.1991090414424,9.9887187687496,-13.3803227437902
6,12,9.75738595239818,87.4542177224033,9.9887187687496,-13.3803227437902
6,13,2.23673420026898,11.1765137930494,9.9887187687496,-13.3803227437902
6,14,0.437931080814451,-11.5333811142503,9.9887187687496,-13.3803227437902
6,15,6.52254128362983,55.1412251228159,9.9887187687496,-13.3803227437902
6,16,3.6144763790071,18.7178891647372,9.9887187687496,-13.3803227437902
6,17,6.54730413574725,54.7902570434991,9.9887187687496,-13.3803227437902
6,18,9.84328898368403,86.9687544236876,9.9887187687496,-13.3803227437902
6,19,2.1517351269722,11.2012789706044,9.9887187687496,-13.3803227437902
6,20,9.15767790284008,82.2399984257394,9.9887187687496,-13.3803227437902
6,21,5.66901157610118,44.1267098810308,9.9887187687496,-13.3803227437902
6,22,4.39696548506618,29.8770451295852,9.9887187687496,-13.3803227437902
6,23,1.51647832011804,4.37308500643755,9.9887187687496,-13.3803227437902
6,24,1.40509183052927,-3.02022907068804,9.9887187687496,-13.3803227437902
6,25,0.0471427943557501,-15.0437607170817,9.9887187687496,-13.3803227437902
6,26,0.772186573594809,-8.92789467407958,9.9887187687496,-13.3803227437902
6,27,0.339188734069467,-5.8545534725634,9.9887187687496,-13.3803227437902
6,28,1.788714164868,4.45105466246281,9.9887187687496,-13.3803227437902
6,29,2.74376961868256,10.6222249053202,9.9887187687496,-13.3803227437902
6,30,6.95944963721558,54.8577184422258,9.9887187687496,-13.3803227437902
6,31,8.40534914750606,74.1430880157574,9.9887187687496,-13.3803227437902
6,32,3.22027627611533,13.6062195484115,9.9887187687496,-13.3803227437902
6,33,6.38105145189911,50.7692703136706,9.9887187687496,-13.3803227437902
6,34,0.968612944707274,-1.70033751540872,9.9887187687496,-13.3803227437902
6,35,0.0766859552823007,-8.07398586923482,9.9887187687496,-13.3803227437902
6,36,7.88763389689848,71.3459339659391,9.9887187687496,-13.3803227437902
6,37,7.87214820971712,61.2182490083471,9.9887187687496,-13.3803227437902
6,38,5.14933738159016,33.063954070673,9.9887187687496,-13.3803227437902
6,39,6.88325521536171,49.9325648681556,9.9887187687496,-13.3803227437902
6,40,7.59294051211327,65.3472963511873,9.9887187687496,-13.3803227437902
6,41,6.15554818883538,46.9090430931492,9.9887187687496,-13.3803227437902
6,42,2.60009106947109,13.1422412506918,9.9887187687496,-13.3803227437902
6,43,5.66021878505126,38.4031072254602,9.9887187687496,-13.3803227437902
6,44,3.28341855900362,26.4653018040484,9.9887187687496,-13.3803227437902
6,45,0.789741838816553,-4.62083659246949,9.9887187687496,-13.3803227437902
6,46,2.69097654847428,11.8661271543549,9.9887187687496,-13.3803227437902
6,47,9.64078546268865,82.3409411879943,9.9887187687496,-13.3803227437902
6,48,9.53827351331711,80.2036592524277,9.9887187687496,-13.3803227437902
6,49,5.81378317903727,42.727416473856,9.9887187687496,-13.3803227437902
6,50,8.82302387617528,81.4593499638084,9.9887187687496,-13.3803227437902
6,51,6.18775002192706,50.0415657769195,9.9887187687496,-13.3803227437902
6,52,8.90810591634363,72.6496150763134,9.9887187687496,-13.3803227437902
6,53,9.77556857280433,85.2377108797189,9.9887187687496,-13.3803227437902
6,54,8.29164144583046,78.6097788965642,9.9887187687496,-13.3803227437902
6,55,3.9691107487306,30.8379154270252,9.9887187687496,-13.3803227437902
6,56,9.72447561565787,84.2274110209712,9.9887187687496,-13.3803227437902
6,57,8.24690353590995,66.4541059051368,9.9887187687496,-13.3803227437902
6,58,2.24564614938572,3.18235442913178,9.9887187687496,-13.3803227437902
6,59,6.38156944653019,45.64462613739,9.9887187687496,-13.3803227437902
6,60,6.91544770728797,57.674792175907,9.9887187687496,-13.3803227437902
6,61,1.5117178671062,-1.05580179657242,9.9887187687496,-13.3803227437902
6,62,6.33788643172011,48.9533134874623,9.9887187687496,-13.3803227437902
6,63,1.72508500749245,1.36575110400488,9.9887187687496,-13.3803227437902
6,64,2.53431504592299,9.07289972118557,9.9887187687496,-13.3803227437902
6,65,3.45313458470628,16.9975604654934,9.9887187687496,-13.3803227437902
6,66,5.4334351955913,43.2810115129168,9.9887187687496,-13.3803227437902
6,67,8.38038518326357,79.2142181155173,9.9887187687496,-13.3803227437902
6,68,4.37296491349116,29.3735400481368,9.9887187687496,-13.3803227437902
6,69,6.41116502229124,53.2502292970733,9.9887187687496,-13.3803227437902
6,70,0.586224480066448,-7.6929025359772,9.9887187687496,-13.3803227437902
6,71,0.446715094149113,-6.82955276220691,9.9887187687496,-13.3803227437902
6,72,5.10140463011339,37.2189014190979,9.9887187687496,-13.3803227437902
6,73,9.61843609344214,89.4316065982718,9.9887187687496,-13.3803227437902
6,74,4.25541346892715,27.256656295008,9.9887187687496,-13.3803227437902
6,75,3.30141563434154,23.3416650836395,9.9887187687496,-13.3803227437902
6,76,4.0242384118028,27.3747684215799,9.9887187687496,-13.3803227437902
6,77,5.70017137564719,41.2209153888958,9.9887187687496,-13.3803227437902
6,78,0.366557808592916,-8.75834970272361,9.9887187687496,-13.3803227437902
6,79,3.5692613851279,24.5249652549331,9.9887187687496,-13.3803227437902
6,80,4.93208973202854,37.7890433259391,9.9887187687496,-13.3803227437902
6,81,4.75086916005239,34.7412116443898,9.9887187687496,-13.3803227437902
6,82,6.54917740728706,55.3484915995174,9.9887187687496,-13.3803227437902
6,83,9.60116155678406,81.6134470280394,9.9887187687496,-13.3803227437902
6,84,2.31604878557846,14.6862786005179,9.9887187687496,-13.3803227437902
6,85,1.93044015904889,1.57723898505138,9.9887187687496,-13.3803227437902
6,86,2.15842896373942,8.84672864189263,9.9887187687496,-13.3803227437902
6,87,3.90925179235637,24.4951532653761,9.9887187687496,-13.3803227437902
6,88,1.12039123661816,-4.16578576957382,9.9887187687496,-13.3803227437902
6,89,7.45543522993103,65.5847409599227,9.9887187687496,-13.3803227437902
6,90,6.44993681227788,48.2518412540663,9.9887187687496,-13.3803227437902
6,91,8.87757665943354,75.2216622849442,9.9887187687496,-13.3803227437902
6,92,1.7939079226926,2.96006158478009,9.9887187687496,-13.3803227437902
6,93,0.616094244178385,-8.33930977054292,9.9887187687496,-13.3803227437902
6,94,5.35031558480114,40.8557426051694,9.9887187687496,-13.3803227437902
6,95,1.31626568036154,5.18660776933861,9.9887187687496,-13.3803227437902
6,96,3.66839384660125,20.1635310071752,9.9887187687496,-13.3803227437902
6,97,7.45116808917373,56.1298892817339,9.9887187687496,-13.3803227437902
6,98,1.53250648407266,4.07328137821035,9.9887187687496,-13.3803227437902
6,99,1.73998110694811,4.90945564192543,9.9887187687496,-13.3803227437902
6,100,8.18258262239397,66.9647356134917,9.9887187687496,-13.3803227437902
7,1,9.6194878523238,69.8889818317915,8.53111784390543,-13.8473134944785
7,2,9.2567753768526,64.5238756730086,8.53111784390543,-13.8473134944785
7,3,7.54665047628805,49.8679459122855,8.53111784390543,-13.8473134944785
7,4,5.42284718481824,38.2462438254553,8.53111784390543,-13.8473134944785
7,5,7.6950380532071,55.2156181213722,8.53111784390543,-13.8473134944785
7,6,9.65147644048557,69.5372974258628,8.53111784390543,-13.8473134944785
7,7,1.28414754988626,-2.94635999355968,8.53111784390543,-13.8473134944785
7,8,1.89378713723272,-0.464861025916376,8.53111784390543,-13.8473134944785
7,9,1.56952400226146,2.74875760103779,8.53111784390543,-13.8473134944785
7,10,8.78341671079397,63.886799637969,8.53111784390543,-13.8473134944785
7,11,6.34543015854433,41.7868171809687,8.53111784390543,-13.8473134944785
7,12,0.341706455219537,-8.1861524501356,8.53111784390543,-13.8473134944785
7,13,4.31776891928166,20.9064137874445,8.53111784390543,-13.8473134944785
7,14,4.21106143388897,24.4654684011462,8.53111784390543,-13.8473134944785
7,15,9.84963058726862,70.3921032745309,8.53111784390543,-13.8473134944785
7,16,7.86444804864004,49.1804762371588,8.53111784390543,-13.8473134944785
7,17,3.5660412022844,14.5426089471535,8.53111784390543,-13.8473134944785
7,18,5.72922080755234,34.9044267082907,8.53111784390543,-13.8473134944785
7,19,7.5051523395814,49.0033328130484,8.53111784390543,-13.8473134944785
7,20,2.5176422810182,8.33651456812659,8.53111784390543,-13.8473134944785
7,21,1.75159651553258,-1.15672899280815,8.53111784390543,-13.8473134944785
7,22,3.88376479735598,23.3304973351671,8.53111784390543,-13.8473134944785
7,23,9.87835156964138,72.4997428068301,8.53111784390543,-13.8473134944785
7,24,0.198653580155224,-10.7302985946031,8.53111784390543,-13.8473134944785
7,25,8.83700705366209,57.2075521360374,8.53111784390543,-13.8473134944785
7,26,8.88036270625889,63.4866829165446,8.53111784390543,-13.8473134944785
7,27,5.84890802390873,39.4360263871557,8.53111784390543,-13.8473134944785
7,28,3.3737303968519,15.439905403256,8.53111784390543,-13.8473134944785
7,29,8.3266066480428,54.1259667199511,8.53111784390543,-13.8473134944785
7,30,0.0102681899443269,-15.1590290015433,8.53111784390543,-13.8473134944785
7,31,0.125525095500052,-17.0100861311051,8.53111784390543,-13.8473134944785
7,32,9.94843258988112,70.9640719399158,8.53111784390543,-13.8473134944785
7,33,0.0596133503131568,-15.0353584340428,8.53111784390543,-13.8473134944785
7,34,7.57692324928939,46.3260249496979,8.53111784390543,-13.8473134944785
7,35,1.22871407074854,-4.0482738733064,8.53111784390543,-13.8473134944785
7,36,5.54208239307627,26.8632166553287,8.53111784390543,-13.8473134944785
7,37,7.70065532531589,47.631709407232,8.53111784390543,-13.8473134944785
7,38,4.80426545254886,28.5060714591546,8.53111784390543,-13.8473134944785
7,39,8.10058057308197,51.0176234321155,8.53111784390543,-13.8473134944785
7,40,0.367327940184623,-12.8311300866502,8.53111784390543,-13.8473134944785
7,41,0.0136347976513207,-15.9742935447082,8.53111784390543,-13.8473134944785
7,42,1.49762514978647,0.0696679060965633,8.53111784390543,-13.8473134944785
7,43,6.93244319409132,43.6311245211717,8.53111784390543,-13.8473134944785
7,44,2.88126329425722,10.926964294368,8.53111784390543,-13.8473134944785
7,45,6.78553835256025,41.3170342633215,8.53111784390543,-13.8473134944785
7,46,8.01678828895092,53.0843434206965,8.53111784390543,-13.8473134944785
7,47,7.73044522618875,50.1885491632994,8.53111784390543,-13.8473134944785
7,48,9.92143295938149,71.1818616375929,8.53111784390543,-13.8473134944785
7,49,2.0740434480831,1.62965029849314,8.53111784390543,-13.8473134944785
7,50,4.61059393826872,27.8304576563288,8.53111784390543,-13.8473134944785
7,51,7.50623380066827,53.0604425971686,8.53111784390543,-13.8473134944785
7,52,7.12033160030842,44.8897340715459,8.53111784390543,-13.8473134944785
7,53,6.95954847149551,44.9434737275365,8.53111784390543,-13.8473134944785
7,54,5.34399916650727,32.1061476420363,8.53111784390543,-13.8473134944785
7,55,3.77029079943895,15.4077275527471,8.53111784390543,-13.8473134944785
7,56,8.56867816066369,57.9952289868258,8.53111784390543,-13.8473134944785
7,57,0.690702020656317,-10.0646100438682,8.53111784390543,-13.8473134944785
7,58,3.87112989090383,22.5826470598615,8.53111784390543,-13.8473134944785
7,59,8.66916270926595,59.640042257048,8.53111784390543,-13.8473134944785
7,60,0.822944045066833,-6.19448611185456,8.53111784390543,-13.8473134944785
7,61,5.27662655804306,30.9596526892549,8.53111784390543,-13.8473134944785
7,62,5.94540807651356,39.3061833768975,8.53111784390543,-13.8473134944785
7,63,0.279159292113036,-12.2590445257156,8.53111784390543,-13.8473134944785
7,64,0.241113880183548,-8.79587923365939,8.53111784390543,-13.8473134944785
7,65,2.942976471968,14.03896256583,8.53111784390543,-13.8473134944785
7,66,0.101712229661644,-17.8454063555946,8.53111784390543,-13.8473134944785
7,67,0.733949469868094,-12.0053244701497,8.53111784390543,-13.8473134944785
7,68,4.1330587095581,20.8886566263477,8.53111784390543,-13.8473134944785
7,69,2.77116678655148,12.2557221505596,8.53111784390543,-13.8473134944785
7,70,2.76682177558541,6.46487362254751,8.53111784390543,-13.8473134944785
7,71,9.79130022460595,67.2829662406707,8.53111784390543,-13.8473134944785
7,72,1.18364716647193,-1.42746439563726,8.53111784390543,-13.8473134944785
7,73,7.83775092335418,49.549633937176,8.53111784390543,-13.8473134944785
7,74,3.6134907277301,17.8642280103417,8.53111784390543,-13.8473134944785
7,75,1.05220099911094,-3.16188319962952,8.53111784390543,-13.8473134944785
7,76,2.61575721204281,10.7221931161421,8.53111784390543,-13.8473134944785
7,77,0.953767166938633,-8.71293666713151,8.53111784390543,-13.8473134944785
7,78,2.69182726275176,7.51636337876216,8.53111784390543,-13.8473134944785
7,79,3.45176512375474,23.6522839579831,8.53111784390543,-13.8473134944785
7,80,5.90747197624296,35.8596026856075,8.53111784390543,-13.8473134944785
7,81,8.09806877514347,48.3307279842282,8.53111784390543,-13.8473134944785
7,82,8.80181554006413,60.5446196749565,8.53111784390543,-13.8473134944785
7,83,8.07851313846186,50.2016963395537,8.53111784390543,-13.8473134944785
7,84,4.98940351651981,28.6987690890037,8.53111784390543,-13.8473134944785
7,85,6.80997319286689,44.6059300618185,8.53111784390543,-13.8473134944785
7,86,3.08182996464893,9.51043228576615,8.53111784390543,-13.8473134944785
7,87,1.77070725010708,1.91222336269203,8.53111784390543,-13.8473134944785
7,88,5.34099313896149,34.361161740821,8.53111784390543,-13.8473134944785
7,89,7.7098110713996,46.4730234230269,8.53111784390543,-13.8473134944785
7,90,1.20087367016822,-2.14635300365335,8.53111784390543,-13.8473134944785
7,91,5.60349760344252,34.5285507724128,8.53111784390543,-13.8473134944785
7,92,6.58048582263291,42.961853464381,8.53111784390543,-13.8473134944785
7,93,1.56136253383011,5.98958678215758,8.53111784390543,-13.8473134944785
7,94,2.947561906185,13.704569850205,8.53111784390543,-13.8473134944785
7,95,4.00826663477346,19.5630855165164,8.53111784390543,-13.8473134944785
7,96,8.2207809551619,54.4033633449265,8.53111784390543,-13.8473134944785
7,97,9.56474067410454,70.7020989734917,8.53111784390543,-13.8473134944785
7,98,8.42086441814899,51.027600634945,8.53111784390543,-13.8473134944785
7,99,9.13734979229048,59.1303936457179,8.53111784390543,-13.8473134944785
7,100,6.5578800602816,39.7757851479054,8.53111784390543,-13.8473134944785
8,1,3.93959630047902,20.3708265648257,8.58962503400641,-15.8345275806966
8,2,3.66151578025892,13.1731159715,8.58962503400641,-15.8345275806966
8,3,5.64966007368639,32.2495125806677,8.58962503400641,-15.8345275806966
8,4,1.65633277501911,-4.0671394923864,8.58962503400641,-15.8345275806966
8,5,4.50814907671884,19.0978140880343,8.58962503400641,-15.8345275806966
8,6,1.00577907869592,-2.03848341293827,8.58962503400641,-15.8345275806966
8,7,1.68894380098209,-1.18743038210841,8.58962503400641,-15.8345275806966
8,8,1.81874627713114,-5.74900729327744,8.58962503400641,-15.8345275806966
8,9,7.10804731585085,44.7550473266235,8.58962503400641,-15.8345275806966
8,10,3.79704721504822,19.0969431461653,8.58962503400641,-15.8345275806966
8,11,4.43998414091766,20.5241453607749,8.58962503400641,-15.8345275806966
8,12,7.54724035272375,49.666092813201,8.58962503400641,-15.8345275806966
8,13,5.09391026105732,24.7357216930681,8.58962503400641,-15.8345275806966
8,14,1.73820912605152,2.88206518465303,8.58962503400641,-15.8345275806966
8,15,3.42454317957163,11.865622628881,8.58962503400641,-15.8345275806966
8,16,5.62850194750354,33.006111115124,8.58962503400641,-15.8345275806966
8,17,9.62586591951549,69.0541445486371,8.58962503400641,-15.8345275806966
8,18,1.52722147526219,-3.7293412318994,8.58962503400641,-15.8345275806966
8,19,4.96350146830082,21.0545467197687,8.58962503400641,-15.8345275806966
8,20,0.271877180784941,-19.7717428333681,8.58962503400641,-15.8345275806966
8,21,9.55188889289275,69.9362872184453,8.58962503400641,-15.8345275806966
8,22,1.23533075442538,-7.52334951588222,8.58962503400641,-15.8345275806966
8,23,6.48772125830874,35.8968409650971,8.58962503400641,-15.8345275806966
8,24,9.44378237938508,61.8857437278209,8.58962503400641,-15.8345275806966
8,25,9.31875708047301,63.7722639405915,8.58962503400641,-15.8345275806966
8,26,3.65522500360385,16.1132357390155,8.58962503400641,-15.8345275806966
8,27,6.57213832018897,43.1476781411383,8.58962503400641,-15.8345275806966
8,28,4.99149806331843,23.7842811524761,8.58962503400641,-15.8345275806966
8,29,4.80641926405951,23.0087110850248,8.58962503400641,-15.8345275806966
8,30,3.33421071292832,13.0265838232587,8.58962503400641,-15.8345275806966
8,31,7.5988901196979,44.1744116934967,8.58962503400641,-15.8345275806966
8,32,1.70349805383012,0.434045365637586,8.58962503400641,-15.8345275806966
8,33,0.803224456030875,-7.24679400476606,8.58962503400641,-15.8345275806966
8,34,1.70225525507703,-3.5821945658467,8.58962503400641,-15.8345275806966
8,35,3.20704787038267,12.9473624899544,8.58962503400641,-15.8345275806966
8,36,2.21783839398995,-1.72768065221599,8.58962503400641,-15.8345275806966
8,37,4.60355976829305,18.611626269429,8.58962503400641,-15.8345275806966
8,38,3.50482023321092,12.1150296783687,8.58962503400641,-15.8345275806966
8,39,2.89584968937561,7.46506728519214,8.58962503400641,-15.8345275806966
8,40,7.62660629115999,45.8983966894787,8.58962503400641,-15.8345275806966
8,41,4.14733785670251,17.4834491117705,8.58962503400641,-15.8345275806966
8,42,0.302505425643176,-15.2586273639875,8.58962503400641,-15.8345275806966
8,43,3.08080991730094,14.6303739870705,8.58962503400641,-15.8345275806966
8,44,4.91904604947194,23.5321793135676,8.58962503400641,-15.8345275806966
8,45,1.91555221565068,0.645531749274261,8.58962503400641,-15.8345275806966
8,46,7.94696550583467,52.9663417730555,8.58962503400641,-15.8345275806966
8,47,8.7576876883395,61.0146568901312,8.58962503400641,-15.8345275806966
8,48,1.60992347402498,-3.28306180979916,8.58962503400641,-15.8345275806966
8,49,9.14078942500055,62.9456941951246,8.58962503400641,-15.8345275806966
8,50,9.22346818028018,65.4481422261284,8.58962503400641,-15.8345275806966
8,51,6.51548156049103,34.017267715734,8.58962503400641,-15.8345275806966
8,52,9.49586964212358,69.382096050253,8.58962503400641,-15.8345275806966
8,53,7.86743860924616,49.2299418711329,8.58962503400641,-15.8345275806966
8,54,5.29761809390038,26.9580450553849,8.58962503400641,-15.8345275806966
8,55,3.48113585729152,14.144197644758,8.58962503400641,-15.8345275806966
8,56,4.41210551187396,20.3710565362233,8.58962503400641,-15.8345275806966
8,57,0.304510646965355,-10.1226178776987,8.58962503400641,-15.8345275806966
8,58,6.32075233384967,40.77407692912,8.58962503400641,-15.8345275806966
8,59,1.23204056639224,-1.51677640640043,8.58962503400641,-15.8345275806966
8,60,7.55108230514452,45.3598580433488,8.58962503400641,-15.8345275806966
8,61,5.4649319103919,29.6377403246668,8.58962503400641,-15.8345275806966
8,62,4.04281071387231,18.7906462068174,8.58962503400641,-15.8345275806966
8,63,2.6686362712644,8.25924298641676,8.58962503400641,-15.8345275806966
8,64,8.13315622741356,56.6405709990063,8.58962503400641,-15.8345275806966
8,65,5.41866859653965,25.6719289275635,8.58962503400641,-15.8345275806966
8,66,6.40639821300283,29.5544652902639,8.58962503400641,-15.8345275806966
8,67,1.01045170566067,-11.073771025585,8.58962503400641,-15.8345275806966
8,68,0.295114114414901,-14.5200534259582,8.58962503400641,-15.8345275806966
8,69,1.13462525652722,-7.24243656412722,8.58962503400641,-15.8345275806966
8,70,6.96676669642329,42.8806438031541,8.58962503400641,-15.8345275806966
8,71,3.08029898675159,15.8486172993061,8.58962503400641,-15.8345275806966
8,72,8.85739511344582,64.8098180365304,8.58962503400641,-15.8345275806966
8,73,8.38446156820282,58.7028312533015,8.58962503400641,-15.8345275806966
8,74,8.31137002911419,54.5674225057777,8.58962503400641,-15.8345275806966
8,75,8.007615969982,50.1706015585783,8.58962503400641,-15.8345275806966
8,76,9.44489105371758,64.8758808424268,8.58962503400641,-15.8345275806966
8,77,9.85571624245495,62.3769692614899,8.58962503400641,-15.8345275806966
8,78,4.26626244327053,19.8951403257492,8.58962503400641,-15.8345275806966
8,79,2.79538352275267,9.38379511793241,8.58962503400641,-15.8345275806966
8,80,7.22052505705506,52.5056432933394,8.58962503400641,-15.8345275806966
8,81,6.59887838643044,39.0544369196495,8.58962503400641,-15.8345275806966
8,82,5.5918457871303,38.4186819167521,8.58962503400641,-15.8345275806966
8,83,2.18039868399501,2.08108726867109,8.58962503400641,-15.8345275806966
8,84,6.915888634976,42.3063271864427,8.58962503400641,-15.8345275806966
8,85,1.53450242243707,1.03222823460423,8.58962503400641,-15.8345275806966
8,86,1.38003347441554,-9.37983952577623,8.58962503400641,-15.8345275806966
8,87,3.78946078242734,17.5908919191982,8.58962503400641,-15.8345275806966
8,88,3.37955133058131,11.8675979761735,8.58962503400641,-15.8345275806966
8,89,0.50710043637082,-12.2312909124445,8.58962503400641,-15.8345275806966
8,90,1.68699683854356,-6.01496453740513,8.58962503400641,-15.8345275806966
8,91,9.72770247841254,70.1903290253463,8.58962503400641,-15.8345275806966
8,92,5.43284805025905,24.5132447309764,8.58962503400641,-15.8345275806966
8,93,7.57301493315026,42.296061417459,8.58962503400641,-15.8345275806966
8,94,8.56345876585692,57.1344076155376,8.58962503400641,-15.8345275806966
8,95,4.18075025547296,18.7124645858113,8.58962503400641,-15.8345275806966
8,96,7.04655513167381,48.8888956481305,8.58962503400641,-15.8345275806966
8,97,0.558548604603857,-9.14222220017516,8.58962503400641,-15.8345275806966
8,98,7.01814879896119,45.0367742363354,8.58962503400641,-15.8345275806966
8,99,3.67175505962223,16.1339791169338,8.58962503400641,-15.8345275806966
8,100,2.72230607224628,10.368381862918,8.58962503400641,-15.8345275806966
9,1,7.81176410615444,74.1301314010825,11.2779524859362,-14.2911601436348
9,2,9.25736116012558,88.5613205010687,11.2779524859362,-14.2911601436348
9,3,9.60560950217769,93.4315147265794,11.2779524859362,-14.2911601436348
9,4,8.00476333126426,75.8221272400137,11.2779524859362,-14.2911601436348
9,5,7.01587424613535,61.431098018246,11.2779524859362,-14.2911601436348
9,6,7.99508373253047,73.7597000683949,11.2779524859362,-14.2911601436348
9,7,4.7879485716112,38.3852161233387,11.2779524859362,-14.2911601436348
9,8,7.59542214451358,71.1518705984673,11.2779524859362,-14.2911601436348
9,9,3.83511227555573,27.370168055775,11.2779524859362,-14.2911601436348
9,10,4.29740472929552,35.3792084455075,11.2779524859362,-14.2911601436348
9,11,2.95184599701315,23.4251907712345,11.2779524859362,-14.2911601436348
9,12,4.82361179543659,42.6527087184129,11.2779524859362,-14.2911601436348
9,13,5.47300927806646,42.5163840297398,11.2779524859362,-14.2911601436348
9,14,5.26016568532214,44.158764109408,11.2779524859362,-14.2911601436348
9,15,0.492560362908989,-9.98491721388427,11.2779524859362,-14.2911601436348
9,16,3.60099533572793,33.4924242546683,11.2779524859362,-14.2911601436348
9,17,0.719018939416856,-4.80940603526223,11.2779524859362,-14.2911601436348
9,18,5.80373792676255,47.1549592017104,11.2779524859362,-14.2911601436348
9,19,3.57506583211944,23.8513007496759,11.2779524859362,-14.2911601436348
9,20,0.305550002958626,-11.3051334954523,11.2779524859362,-14.2911601436348
9,21,3.99140807567164,34.9343261447472,11.2779524859362,-14.2911601436348
9,22,3.20667010033503,22.0693121370181,11.2779524859362,-14.2911601436348
9,23,8.49741751793772,80.9600815264189,11.2779524859362,-14.2911601436348
9,24,4.78874128777534,43.6601253932826,11.2779524859362,-14.2911601436348
9,25,1.92143822088838,6.49616400603907,11.2779524859362,-14.2911601436348
9,26,5.28291253373027,47.1116430648997,11.2779524859362,-14.2911601436348
9,27,4.95994127122685,38.2961036357462,11.2779524859362,-14.2911601436348
9,28,9.91868579527363,93.6344106282777,11.2779524859362,-14.2911601436348
9,29,3.34860897623003,23.2649081388565,11.2779524859362,-14.2911601436348
9,30,3.51655028294772,22.5826530880214,11.2779524859362,-14.2911601436348
9,31,2.36101077171043,16.1328759668636,11.2779524859362,-14.2911601436348
9,32,9.2379611171782,89.8771227234057,11.2779524859362,-14.2911601436348
9,33,7.36779738916084,66.4331624393412,11.2779524859362,-14.2911601436348
9,34,8.63499861210585,80.522918061834,11.2779524859362,-14.2911601436348
9,35,9.46970957797021,90.7105466296073,11.2779524859362,-14.2911601436348
9,36,1.43855765694752,4.02336233791651,11.2779524859362,-14.2911601436348
9,37,9.55431776354089,94.4999530304441,11.2779524859362,-14.2911601436348
9,38,4.06969435280189,37.7531121454259,11.2779524859362,-14.2911601436348
9,39,8.89985184883699,83.520580864684,11.2779524859362,-14.2911601436348
9,40,7.92540993075818,76.964235438803,11.2779524859362,-14.2911601436348
9,41,5.24456359213218,45.8519545148179,11.2779524859362,-14.2911601436348
9,42,2.54004830028862,9.62668321879539,11.2779524859362,-14.2911601436348
9,43,7.71134980488569,69.2858992427875,11.2779524859362,-14.2911601436348
9,44,8.14176932908595,83.8006463712688,11.2779524859362,-14.2911601436348
9,45,5.67414059303701,48.9548216740028,11.2779524859362,-14.2911601436348
9,46,4.03324390063062,31.7415564156074,11.2779524859362,-14.2911601436348
9,47,8.74087562551722,91.6733171787608,11.2779524859362,-14.2911601436348
9,48,9.86528045032173,98.1928364931313,11.2779524859362,-14.2911601436348
9,49,8.67420181864873,84.8662574126413,11.2779524859362,-14.2911601436348
9,50,6.285839099437,58.0934011640976,11.2779524859362,-14.2911601436348
9,51,8.82117749424651,86.6620085987602,11.2779524859362,-14.2911601436348
9,52,2.5053632655181,13.8021999381062,11.2779524859362,-14.2911601436348
9,53,2.52019782550633,12.7840313706248,11.2779524859362,-14.2911601436348
9,54,7.48441303847358,68.9002187503004,11.2779524859362,-14.2911601436348
9,55,7.37378113903105,69.841505099624,11.2779524859362,-14.2911601436348
9,56,2.15981491142884,14.0156312949952,11.2779524859362,-14.2911601436348
9,57,1.68583858758211,6.15162575195956,11.2779524859362,-14.2911601436348
9,58,5.27885041665286,49.9461832103847,11.2779524859362,-14.2911601436348
9,59,5.89121523778886,55.6489273440291,11.2779524859362,-14.2911601436348
9,60,4.7083354764618,35.5879064165427,11.2779524859362,-14.2911601436348
9,61,2.90351454168558,16.3881525332148,11.2779524859362,-14.2911601436348
9,62,5.3627455397509,44.6078030156675,11.2779524859362,-14.2911601436348
9,63,9.10177063662559,82.8417319259415,11.2779524859362,-14.2911601436348
9,64,1.5090500889346,3.31547742645039,11.2779524859362,-14.2911601436348
9,65,4.93808774044737,41.5975752603609,11.2779524859362,-14.2911601436348
9,66,9.28897896083072,89.966465778291,11.2779524859362,-14.2911601436348
9,67,8.76257271505892,81.8168942550291,11.2779524859362,-14.2911601436348
9,68,2.3915986972861,15.9414826555593,11.2779524859362,-14.2911601436348
9,69,3.62912645563483,23.9810507309895,11.2779524859362,-14.2911601436348
9,70,4.40788447391242,35.2455080652942,11.2779524859362,-14.2911601436348
9,71,0.891814369242638,-8.12310146519736,11.2779524859362,-14.2911601436348
9,72,1.9853898906149,6.18475876782547,11.2779524859362,-14.2911601436348
9,73,8.69576696539298,78.9044921574552,11.2779524859362,-14.2911601436348
9,74,5.72258583270013,44.8845505617027,11.2779524859362,-14.2911601436348
9,75,1.96549722459167,6.64623364510866,11.2779524859362,-14.2911601436348
9,76,1.86334068421274,4.24571552190095,11.2779524859362,-14.2911601436348
9,77,4.06101839616895,34.8481438202749,11.2779524859362,-14.2911601436348
9,78,7.52554503967986,69.3493526603688,11.2779524859362,-14.2911601436348
9,79,6.28540931269526,59.6449992090591,11.2779524859362,-14.2911601436348
9,80,5.55707331513986,50.6617816604438,11.2779524859362,-14.2911601436348
9,81,4.98980368953198,42.6232259157983,11.2779524859362,-14.2911601436348
9,82,6.08539856038988,48.2309634184868,11.2779524859362,-14.2911601436348
9,83,3.81619910942391,24.2616040080037,11.2779524859362,-14.2911601436348
9,84,7.64742906205356,74.4980677049189,11.2779524859362,-14.2911601436348
9,85,9.17860072338954,85.416662199657,11.2779524859362,-14.2911601436348
9,86,5.13431229395792,40.2733575691244,11.2779524859362,-14.2911601436348
9,87,2.13000355288386,12.5780660822171,11.2779524859362,-14.2911601436348
9,88,3.3625348075293,20.452376984403,11.2779524859362,-14.2911601436348
9,89,0.543226287700236,-7.2963173154117,11.2779524859362,-14.2911601436348
9,90,5.79446654533967,51.26302782023,11.2779524859362,-14.2911601436348
9,91,7.30523158563301,71.6764269140087,11.2779524859362,-14.2911601436348
9,92,3.24147744104266,21.2447039145966,11.2779524859362,-14.2911601436348
9,93,1.20749427936971,-0.0446241367450065,11.2779524859362,-14.2911601436348
9,94,5.79752318561077,51.7806670052122,11.2779524859362,-14.2911601436348
9,95,2.07538184709847,7.02240778240687,11.2779524859362,-14.2911601436348
9,96,7.89168701507151,70.792405669194,11.2779524859362,-14.2911601436348
9,97,0.757544871885329,-1.14402842362363,11.2779524859362,-14.2911601436348
9,98,7.1457881340757,71.4100965184803,11.2779524859362,-14.2911601436348
9,99,2.56030270131305,15.4415874569608,11.2779524859362,-14.2911601436348
9,100,1.8019323493354,1.8144309359362,11.2779524859362,-14.2911601436348
10,1,5.99506254540756,48.3429695997913,9.84935631321236,-14.3940069124288
10,2,0.981341134756804,-2.12542557379433,9.84935631321236,-14.3940069124288
10,3,7.64265555189922,57.4483988883846,9.84935631321236,-14.3940069124288
10,4,5.36768707213923,39.2047618200293,9.84935631321236,-14.3940069124288
10,5,8.67438183631748,66.3557786266086,9.84935631321236,-14.3940069124288
10,6,3.42481704195961,22.1370116032445,9.84935631321236,-14.3940069124288
10,7,4.37235599849373,23.9143694112149,9.84935631321236,-14.3940069124288
10,8,3.9808634808287,21.1546326702325,9.84935631321236,-14.3940069124288
10,9,2.3918923176825,12.2807498979232,9.84935631321236,-14.3940069124288
10,10,7.47712324839085,60.9790767372166,9.84935631321236,-14.3940069124288
10,11,4.7922472585924,29.3865280476792,9.84935631321236,-14.3940069124288
10,12,2.27041788864881,5.27313965623239,9.84935631321236,-14.3940069124288
10,13,9.34820265276358,74.1703593957033,9.84935631321236,-14.3940069124288
10,14,7.89167857030407,59.587536971049,9.84935631321236,-14.3940069124288
10,15,3.33594424650073,20.723163813881,9.84935631321236,-14.3940069124288
10,16,7.87171488394961,65.6364410417394,9.84935631321236,-14.3940069124288
10,17,4.66157538117841,30.1360471915201,9.84935631321236,-14.3940069124288
10,18,9.71569425193593,78.1810197765704,9.84935631321236,-14.3940069124288
10,19,7.87106834352016,63.787442598655,9.84935631321236,-14.3940069124288
10,20,8.73886008979753,73.8890191428704,9.84935631321236,-14.3940069124288
10,21,9.39054067479447,78.5389529250115,9.84935631321236,-14.3940069124288
10,22,1.07309120241553,-4.67238907819449,9.84935631321236,-14.3940069124288
10,23,2.21451952122152,5.10164620362091,9.84935631321236,-14.3940069124288
10,24,1.19221175322309,-5.39605607413724,9.84935631321236,-14.3940069124288
10,25,6.44275576109067,54.3274527539531,9.84935631321236,-14.3940069124288
10,26,0.379184696357697,-15.8953676647088,9.84935631321236,-14.3940069124288
10,27,2.52264143666252,6.75025520392945,9.84935631321236,-14.3940069124288
10,28,1.51392416795716,0.885666573261298,9.84935631321236,-14.3940069124288
10,29,3.10565027175471,17.6227751316152,9.84935631321236,-14.3940069124288
10,30,9.52518456615508,78.3684932687388,9.84935631321236,-14.3940069124288
10,31,4.54230330651626,31.653774620395,9.84935631321236,-14.3940069124288
10,32,0.0282118795439601,-10.8498142208759,9.84935631321236,-14.3940069124288
10,33,9.01919867144898,79.3833619524081,9.84935631321236,-14.3940069124288
10,34,6.93946446059272,56.8924195377069,9.84935631321236,-14.3940069124288
10,35,6.29099685000256,47.1085146601573,9.84935631321236,-14.3940069124288
10,36,2.79548889491707,19.2684563763918,9.84935631321236,-14.3940069124288
10,37,9.0800611441955,76.3583152064808,9.84935631321236,-14.3940069124288
10,38,9.31386237964034,74.221400022219,9.84935631321236,-14.3940069124288
10,39,5.7650084933266,42.4533527478416,9.84935631321236,-14.3940069124288
10,40,2.76402591494843,13.6548418524052,9.84935631321236,-14.3940069124288
10,41,2.90983642218634,13.3962253699905,9.84935631321236,-14.3940069124288
10,42,2.32980050612241,15.1213963881907,9.84935631321236,-14.3940069124288
10,43,8.32475731614977,65.4478025219739,9.84935631321236,-14.3940069124288
10,44,0.587735532317311,-8.49312054182164,9.84935631321236,-14.3940069124288
10,45,9.85402142396197,81.8765514274202,9.84935631321236,-14.3940069124288
10,46,4.20655518304557,31.1667390230481,9.84935631321236,-14.3940069124288
10,47,9.42408323055133,74.9641041908452,9.84935631321236,-14.3940069124288
10,48,7.31236714404076,47.8684423635469,9.84935631321236,-14.3940069124288
10,49,3.70726245688275,18.0181698535672,9.84935631321236,-14.3940069124288
10,50,6.09157745726407,41.691798701394,9.84935631321236,-14.3940069124288
10,51,0.983217679895461,-2.24282648109587,9.84935631321236,-14.3940069124288
10,52,4.05014413874596,17.1094213443151,9.84935631321236,-14.3940069124288
10,53,5.92336924979463,47.9725431701381,9.84935631321236,-14.3940069124288
10,54,9.64200276881456,78.5978787655545,9.84935631321236,-14.3940069124288
10,55,5.25254423962906,36.9939926389855,9.84935631321236,-14.3940069124288
10,56,0.856974001508206,-5.21233665010516,9.84935631321236,-14.3940069124288
10,57,5.4935643542558,40.6322848536498,9.84935631321236,-14.3940069124288
10,58,2.84499722765759,14.40283226703,9.84935631321236,-14.3940069124288
10,59,9.17387138586491,83.0485675703115,9.84935631321236,-14.3940069124288
10,60,4.92538609309122,38.6090240548096,9.84935631321236,-14.3940069124288
10,61,3.91704063396901,21.6224318873223,9.84935631321236,-14.3940069124288
10,62,9.34172073379159,79.1260047520536,9.84935631321236,-14.3940069124288
10,63,2.2866586712189,8.47910133366619,9.84935631321236,-14.3940069124288
10,64,5.37049781996757,44.1127907389479,9.84935631321236,-14.3940069124288
10,65,2.04046824015677,4.94827244236053,9.84935631321236,-14.3940069124288
10,66,4.41127017373219,28.2556477693236,9.84935631321236,-14.3940069124288
10,67,1.3586610625498,0.367449609659908,9.84935631321236,-14.3940069124288
10,68,9.9753821385093,80.2381565513018,9.84935631321236,-14.3940069124288
10,69,0.25586555711925,-16.3295635141742,9.84935631321236,-14.3940069124288
10,70,8.00191444111988,67.3399175616052,9.84935631321236,-14.3940069124288
10,71,2.80629894929007,14.3449168436144,9.84935631321236,-14.3940069124288
10,72,5.37109044613317,37.9897507275678,9.84935631321236,-14.3940069124288
10,73,1.74124128883705,1.35572321256378,9.84935631321236,-14.3940069124288
10,74,0.544939073733985,-10.7937621112317,9.84935631321236,-14.3940069124288
10,75,3.28546082368121,18.7370135409874,9.84935631321236,-14.3940069124288
10,76,8.60549127915874,70.6112417928429,9.84935631321236,-14.3940069124288
10,77,7.75893481913954,57.4348439848986,9.84935631321236,-14.3940069124288
10,78,0.492558798287064,-7.21267686329432,9.84935631321236,-14.3940069124288
10,79,5.52575739799067,43.2069386689327,9.84935631321236,-14.3940069124288
10,80,2.30055250460282,9.61300468001728,9.84935631321236,-14.3940069124288
10,81,6.60065344534814,46.3585527403235,9.84935631321236,-14.3940069124288
10,82,8.07454800233245,63.9708285982483,9.84935631321236,-14.3940069124288
10,83,8.63282800884917,71.0632825056862,9.84935631321236,-14.3940069124288
10,84,7.61296632234007,60.9320276368114,9.84935631321236,-14.3940069124288
10,85,3.47431353293359,20.3411846275197,9.84935631321236,-14.3940069124288
10,86,2.61379009811208,7.61905026549952,9.84935631321236,-14.3940069124288
10,87,1.80903868051246,3.66014478327891,9.84935631321236,-14.3940069124288
10,88,4.7949518612586,30.0572434885102,9.84935631321236,-14.3940069124288
10,89,8.14226992661133,70.5009153582644,9.84935631321236,-14.3940069124288
10,90,3.54940799530596,22.182233416609,9.84935631321236,-14.3940069124288
10,91,4.27801409969106,24.4451086460785,9.84935631321236,-14.3940069124288
10,92,8.068449604325,69.0626527514701,9.84935631321236,-14.3940069124288
10,93,4.58796519786119,26.6118137478291,9.84935631321236,-14.3940069124288
10,94,9.32681515347213,72.069801615578,9.84935631321236,-14.3940069124288
10,95,3.96388927707449,21.5676875121033,9.84935631321236,-14.3940069124288
10,96,2.86152201937512,14.4035748121523,9.84935631321236,-14.3940069124288
10,97,4.944173397962,33.2298224224229,9.84935631321236,-14.3940069124288
10,98,2.81181986443698,12.7356528582657,9.84935631321236,-14.3940069124288
10,99,8.29269654583186,66.2010735394361,9.84935631321236,-14.3940069124288
10,100,0.0725971511565149,-8.11623818910855,9.84935631321236,-14.3940069124288
