"z","x","p","mu1","mu2","sigma"
1,-0.326233360705649,0.8,0,5,1
0,4.16437138758995,0.8,0,5,1
0,5.41464143445641,0.8,0,5,1
1,-0.820468384118015,0.8,0,5,1
1,-0.29472044679056,0.8,0,5,1
1,0.575781351653492,0.8,0,5,1
1,0.76359346114046,0.8,0,5,1
1,0.389843236411431,0.8,0,5,1
1,-0.289461573688223,0.8,0,5,1
1,1.12493091814311,0.8,0,5,1
1,0.252223448156132,0.8,0,5,1
1,0.943836210685299,0.8,0,5,1
1,-1.23753842192996,0.8,0,5,1
1,0.918977371608218,0.8,0,5,1
1,0.133336360814841,0.8,0,5,1
1,-1.98935169586337,0.8,0,5,1
1,0.503607972233726,0.8,0,5,1
0,4.84420449329467,0.8,0,5,1
1,-1.28459935387219,0.8,0,5,1
1,0.417941560199702,0.8,0,5,1
0,4.45711174498975,0.8,0,5,1
1,0.387671611559369,0.8,0,5,1
1,0.726750747385451,0.8,0,5,1
0,4.58500543670032,0.8,0,5,1
1,-0.429513109491881,0.8,0,5,1
0,6.10002537198388,0.8,0,5,1
1,1.75790308981071,0.8,0,5,1
1,-0.253361680136508,0.8,0,5,1
1,-0.832043296117832,0.8,0,5,1
1,-0.68875569454952,0.8,0,5,1
1,-1.563782051071,0.8,0,5,1
0,5.76853292451542,0.8,0,5,1
1,-0.227328691424755,0.8,0,5,1
1,0.398105880367068,0.8,0,5,1
1,2.44136462889459,0.8,0,5,1
1,-1.12936309608079,0.8,0,5,1
0,5.25014132285415,0.8,0,5,1
1,-0.367221476466509,0.8,0,5,1
1,-2.22390027400994,0.8,0,5,1
1,-0.135054603880824,0.8,0,5,1
0,4.98895452153434,0.8,0,5,1
1,0.689739362450777,0.8,0,5,1
1,-0.814968708869917,0.8,0,5,1
1,0.188792299514343,0.8,0,5,1
1,0.36594112304922,0.8,0,5,1
1,0.153253338211898,0.8,0,5,1
0,5.01915639166027,0.8,0,5,1
1,-0.709946430921815,0.8,0,5,1
1,-0.119168762418038,0.8,0,5,1
1,-1.2536334002391,0.8,0,5,1
1,0.14377148075807,0.8,0,5,1
1,0.00110535163162413,0.8,0,5,1
1,-1.43758624082998,0.8,0,5,1
1,-0.568668732818502,0.8,0,5,1
1,0.77214218580453,0.8,0,5,1
1,-1.52356680042976,0.8,0,5,1
1,-0.418980099421959,0.8,0,5,1
0,6.06309983727636,0.8,0,5,1
1,1.2560188173061,0.8,0,5,1
1,0.267098790772231,0.8,0,5,1
1,-0.873262111744435,0.8,0,5,1
1,1.16040261569495,0.8,0,5,1
1,0.59625901661066,0.8,0,5,1
1,0.558486425565304,0.8,0,5,1
1,1.45598840106634,0.8,0,5,1
1,-1.22461261489836,0.8,0,5,1
1,0.781859184600258,0.8,0,5,1
1,0.0421158731442352,0.8,0,5,1
1,0.0465803028049967,0.8,0,5,1
1,-0.654584643918818,0.8,0,5,1
0,3.71925056821168,0.8,0,5,1
0,5.91017422949523,0.8,0,5,1
1,1.67829720781629,0.8,0,5,1
1,-0.635736453948977,0.8,0,5,1
1,0.0253828675878054,0.8,0,5,1
1,-0.650696353310367,0.8,0,5,1
1,1.05375086302862,0.8,0,5,1
1,-0.319992868548507,0.8,0,5,1
1,0.494795767113158,0.8,0,5,1
1,-0.177330482269606,0.8,0,5,1
1,0.197684262345795,0.8,0,5,1
1,-0.214579408546869,0.8,0,5,1
1,-1.11376513631953,0.8,0,5,1
0,5.71266630705141,0.8,0,5,1
1,0.262645458662762,0.8,0,5,1
1,-0.681660478755657,0.8,0,5,1
1,1.51167228281089,0.8,0,5,1
1,-0.588894486259664,0.8,0,5,1
1,-0.974002561112527,0.8,0,5,1
1,0.306557860789766,0.8,0,5,1
1,-1.2317070584141,0.8,0,5,1
1,-0.528279904445006,0.8,0,5,1
1,-0.910680682493289,0.8,0,5,1
1,-1.91435942568001,0.8,0,5,1
0,4.67624924541204,0.8,0,5,1
1,-0.463530401472386,0.8,0,5,1
1,-0.767790184730859,0.8,0,5,1
1,2.08716654562835,0.8,0,5,1
1,0.47173637445323,0.8,0,5,1
1,-1.64060553441858,0.8,0,5,1
1,-1.31142059162488,0.8,0,5,1
1,-0.318068374543844,0.8,0,5,1
1,0.890626476437422,0.8,0,5,1
1,-1.07519229661568,0.8,0,5,1
0,5.58258599988644,0.8,0,5,1
1,-1.38442684738449,0.8,0,5,1
0,5.31788573509247,0.8,0,5,1
1,-0.238647100913033,0.8,0,5,1
0,6.68027820468955,0.8,0,5,1
1,-0.619243048231147,0.8,0,5,1
0,4.45711806288807,0.8,0,5,1
0,3.57550534978719,0.8,0,5,1
1,-1.00805457816954,0.8,0,5,1
0,7.30797839905936,0.8,0,5,1
1,-0.294196453606913,0.8,0,5,1
1,-0.077152935356531,0.8,0,5,1
1,0.598975149810314,0.8,0,5,1
1,0.787639605630162,0.8,0,5,1
0,4.42570458569859,0.8,0,5,1
1,1.2079083983867,0.8,0,5,1
1,-0.430879529604084,0.8,0,5,1
1,0.219924803660651,0.8,0,5,1
1,0.532409356670506,0.8,0,5,1
1,-0.158754604716016,0.8,0,5,1
0,4.26268830916003,0.8,0,5,1
1,-0.430211753928547,0.8,0,5,1
1,-0.0167482561518744,0.8,0,5,1
1,0.402011779486338,0.8,0,5,1
1,-0.703694253898738,0.8,0,5,1
0,3.79191721369553,0.8,0,5,1
1,-1.06416516333343,0.8,0,5,1
1,-1.01584746530465,0.8,0,5,1
1,-0.490832752366552,0.8,0,5,1
1,0.409401839650934,0.8,0,5,1
0,6.26938716360704,0.8,0,5,1
1,-0.330907800682766,0.8,0,5,1
1,1.55737037634497,0.8,0,5,1
1,0.667066166765493,0.8,0,5,1
1,-0.0606347781205525,0.8,0,5,1
1,0.510108422952926,0.8,0,5,1
1,0.0369376908421676,0.8,0,5,1
1,-0.400246743977644,0.8,0,5,1
1,1.49522344384323,0.8,0,5,1
0,6.51974502549955,0.8,0,5,1
1,0.095056226988643,0.8,0,5,1
0,5.64224130567782,0.8,0,5,1
1,1.40856335683396,0.8,0,5,1
1,0.00213185968026965,0.8,0,5,1
1,-0.193972744670297,0.8,0,5,1
0,3.84342763736415,0.8,0,5,1
0,4.85539179268946,0.8,0,5,1
1,-1.60551341225308,0.8,0,5,1
1,2.22926220164091,0.8,0,5,1
1,-0.985826700409291,0.8,0,5,1
1,-0.147270790038966,0.8,0,5,1
0,5.57050763592048,0.8,0,5,1
1,0.496578172661699,0.8,0,5,1
0,5.56082072862012,0.8,0,5,1
1,-0.705928585667662,0.8,0,5,1
1,-0.00534402827816569,0.8,0,5,1
1,-1.01353967049479,0.8,0,5,1
0,5.2234804149153,0.8,0,5,1
1,-2.90489906034557,0.8,0,5,1
1,-2.00016494478548,0.8,0,5,1
1,-0.976830350346719,0.8,0,5,1
1,-0.166121036765006,0.8,0,5,1
0,3.4032819857028,0.8,0,5,1
1,0.407167603423836,0.8,0,5,1
1,1.8739038985953,0.8,0,5,1
0,5.69555080661964,0.8,0,5,1
0,4.91747623798284,0.8,0,5,1
1,0.572739555245841,0.8,0,5,1
1,0.105421390193765,0.8,0,5,1
1,0.951012807576816,0.8,0,5,1
1,-1.13433096851684,0.8,0,5,1
0,5.8574097780798,0.8,0,5,1
0,7.50711114848337,0.8,0,5,1
1,-0.42218400978764,0.8,0,5,1
1,-1.71450229684582,0.8,0,5,1
1,-0.939829326510021,0.8,0,5,1
1,1.7025705860145,0.8,0,5,1
1,-0.851857092023863,0.8,0,5,1
0,4.6926190857745,0.8,0,5,1
1,1.13020726745494,0.8,0,5,1
1,1.31840093119247,0.8,0,5,1
1,-1.31624516045156,0.8,0,5,1
0,5.9514984696255,0.8,0,5,1
1,-0.407528579269772,0.8,0,5,1
0,5.51349371648542,0.8,0,5,1
1,-0.580614304240536,0.8,0,5,1
1,-0.20614456663921,0.8,0,5,1
1,0.945184953373082,0.8,0,5,1
1,-0.231977451166617,0.8,0,5,1
1,-0.390118664053679,0.8,0,5,1
1,-1.8083275793549,0.8,0,5,1
1,-1.42625734238254,0.8,0,5,1
0,5.54970766958625,0.8,0,5,1
1,0.765598999157864,0.8,0,5,1
0,5.38141125909948,0.8,0,5,1
1,-0.305815419766971,0.8,0,5,1
0,6.46674459318725,0.8,0,5,1
1,1.97133738622415,0.8,0,5,1
1,-0.269041012302505,0.8,0,5,1
1,1.51221269395063,0.8,0,5,1
1,0.0973966545894214,0.8,0,5,1
1,-1.02454847953446,0.8,0,5,1
1,-1.57721804889482,0.8,0,5,1
1,0.0990784868971982,0.8,0,5,1
1,0.308308748669135,0.8,0,5,1
1,-0.0359224226225114,0.8,0,5,1
0,4.67048580761182,0.8,0,5,1
0,4.87898988867256,0.8,0,5,1
1,-1.5148867950016,0.8,0,5,1
1,1.30790152011415,0.8,0,5,1
0,4.16544096698094,0.8,0,5,1
1,-1.86978879020261,0.8,0,5,1
1,1.57243291747915,0.8,0,5,1
0,4.64659971417009,0.8,0,5,1
1,-1.30967954169979,0.8,0,5,1
1,0.679230774015656,0.8,0,5,1
1,0.837394397366885,0.8,0,5,1
1,-0.367450756170482,0.8,0,5,1
0,4.15638461007911,0.8,0,5,1
1,0.732750042209102,0.8,0,5,1
0,5.06797238952197,0.8,0,5,1
1,-0.352322305549849,0.8,0,5,1
1,-0.592743270547579,0.8,0,5,1
1,-1.06345741548281,0.8,0,5,1
1,0.0146468124751784,0.8,0,5,1
1,-2.26488935648794,0.8,0,5,1
1,0.0184855701138565,0.8,0,5,1
1,-0.1912789505352,0.8,0,5,1
1,-0.963233180453732,0.8,0,5,1
1,1.47388118110914,0.8,0,5,1
1,0.458125259404666,0.8,0,5,1
1,-0.192798426457334,0.8,0,5,1
0,5.55989527297743,0.8,0,5,1
1,-1.17357694087136,0.8,0,5,1
1,-0.172668563946202,0.8,0,5,1
1,-0.195258846110637,0.8,0,5,1
1,0.262665242690766,0.8,0,5,1
1,-0.635543001032135,0.8,0,5,1
1,0.197506153702218,0.8,0,5,1
1,0.612218173989128,0.8,0,5,1
1,-1.63742195215184,0.8,0,5,1
1,-0.572542603926126,0.8,0,5,1
1,-1.72065066207719,0.8,0,5,1
1,0.277914132450543,0.8,0,5,1
1,-0.30119698261967,0.8,0,5,1
0,3.8323376738702,0.8,0,5,1
1,1.29440806741572,0.8,0,5,1
1,-0.145875628461003,0.8,0,5,1
1,-0.754970291860224,0.8,0,5,1
1,0.762586512418318,0.8,0,5,1
0,4.1801317207287,0.8,0,5,1
1,0.164341838427956,0.8,0,5,1
0,5.54878758817833,0.8,0,5,1
0,2.87063935176535,0.8,0,5,1
1,-0.180257065442337,0.8,0,5,1
1,-0.811170153140217,0.8,0,5,1
0,5.56060045960055,0.8,0,5,1
1,1.09166895553536,0.8,0,5,1
1,-0.546586585745158,0.8,0,5,1
1,-0.924312773127284,0.8,0,5,1
0,4.59501284151563,0.8,0,5,1
1,-0.715128400667883,0.8,0,5,1
0,4.60999043726972,0.8,0,5,1
1,1.89565477419858,0.8,0,5,1
1,0.459621672673119,0.8,0,5,1
0,4.58377796846981,0.8,0,5,1
1,-0.286823883167722,0.8,0,5,1
0,4.70432254729911,0.8,0,5,1
0,6.38425315825261,0.8,0,5,1
1,-0.38816750592136,0.8,0,5,1
1,0.91421598896813,0.8,0,5,1
1,-0.772110803023928,0.8,0,5,1
1,0.606264572193943,0.8,0,5,1
0,6.01775422653797,0.8,0,5,1
1,0.193725666943277,0.8,0,5,1
0,6.70912103210088,0.8,0,5,1
0,3.89469408984975,0.8,0,5,1
1,-0.0650675736555838,0.8,0,5,1
1,0.370059747881317,0.8,0,5,1
1,1.61234679820178,0.8,0,5,1
1,2.06134180607354,0.8,0,5,1
1,-0.641176933750564,0.8,0,5,1
1,-0.722753123942371,0.8,0,5,1
1,0.500963559247907,0.8,0,5,1
1,-0.25928909836168,0.8,0,5,1
1,0.592984721025293,0.8,0,5,1
1,1.93862823314278,0.8,0,5,1
1,-0.0257150709181537,0.8,0,5,1
1,-0.114050766468951,0.8,0,5,1
0,4.56616725997041,0.8,0,5,1
0,6.2774455110357,0.8,0,5,1
1,0.852814993600531,0.8,0,5,1
1,-0.438069133825007,0.8,0,5,1
1,-1.36611193132898,0.8,0,5,1
1,-1.17867244241051,0.8,0,5,1
1,-2.34272312035896,0.8,0,5,1
0,5.7284886883755,0.8,0,5,1
1,-0.752877279362913,0.8,0,5,1
1,-1.04437540714156,0.8,0,5,1
1,0.0563318360544103,0.8,0,5,1
1,-1.50178716996467,0.8,0,5,1
1,-1.00436197944933,0.8,0,5,1
1,1.2015255761311,0.8,0,5,1
0,7.16536850181726,0.8,0,5,1
0,5.92454680269104,0.8,0,5,1
1,0.0048844495381889,0.8,0,5,1
1,1.44744028530994,0.8,0,5,1
1,0.628017152957251,0.8,0,5,1
0,4.90644235961133,0.8,0,5,1
1,-0.813244256664091,0.8,0,5,1
1,-0.224573789750735,0.8,0,5,1
1,0.440889370916978,0.8,0,5,1
0,5.91518250521579,0.8,0,5,1
1,0.364384592607448,0.8,0,5,1
1,-0.635865043147892,0.8,0,5,1
1,-0.0279099721295774,0.8,0,5,1
1,-0.145490804675985,0.8,0,5,1
1,-0.517420483593623,0.8,0,5,1
1,1.24215555806467,0.8,0,5,1
1,2.44653137569996,0.8,0,5,1
1,1.80770348767495,0.8,0,5,1
1,-1.97293493407467,0.8,0,5,1
1,0.845706964376493,0.8,0,5,1
1,2.28465932554436,0.8,0,5,1
1,-0.0558560432984566,0.8,0,5,1
1,3.81027668071067,0.8,0,5,1
1,-0.154671706016816,0.8,0,5,1
1,-1.10689447222516,0.8,0,5,1
1,-0.576506932530127,0.8,0,5,1
1,0.0773031227369236,0.8,0,5,1
1,1.69527108394262,0.8,0,5,1
1,0.0112926884238996,0.8,0,5,1
0,5.39734909880081,0.8,0,5,1
1,-1.37271127092917,0.8,0,5,1
1,1.25712771158455,0.8,0,5,1
1,-1.1142223478436,0.8,0,5,1
1,0.913848686849621,0.8,0,5,1
0,4.03276054206443,0.8,0,5,1
1,-0.604711660854287,0.8,0,5,1
1,0.231496128244633,0.8,0,5,1
1,1.84991956032624,0.8,0,5,1
1,-0.366005774997015,0.8,0,5,1
0,3.97494051924645,0.8,0,5,1
1,0.290666645439266,0.8,0,5,1
1,-0.233427177912246,0.8,0,5,1
1,-0.0477301724785263,0.8,0,5,1
1,0.0874969165048639,0.8,0,5,1
0,6.18021366550265,0.8,0,5,1
1,-0.245622587644691,0.8,0,5,1
1,-1.19231644371292,0.8,0,5,1
0,4.01864000906275,0.8,0,5,1
0,4.54822624723132,0.8,0,5,1
0,4.90550265542446,0.8,0,5,1
1,0.303360960757848,0.8,0,5,1
0,5.01474448532486,0.8,0,5,1
1,-0.307022264536836,0.8,0,5,1
1,-0.346637445404891,0.8,0,5,1
1,0.513481114599557,0.8,0,5,1
1,-1.21285501097807,0.8,0,5,1
1,-0.065831999838153,0.8,0,5,1
1,-0.525434375699568,0.8,0,5,1
1,-2.20178232235392,0.8,0,5,1
1,1.48827425685469,0.8,0,5,1
1,-0.224874715429902,0.8,0,5,1
1,0.358774234497368,0.8,0,5,1
1,1.54983034223631,0.8,0,5,1
1,0.496640423719942,0.8,0,5,1
1,0.812245442209214,0.8,0,5,1
1,0.634774564676918,0.8,0,5,1
1,-1.21536404115501,0.8,0,5,1
1,0.965761296217652,0.8,0,5,1
0,4.4125179744102,0.8,0,5,1
1,-0.440138688134939,0.8,0,5,1
1,-0.247509677080296,0.8,0,5,1
1,-0.92685815670431,0.8,0,5,1
1,0.900434635600238,0.8,0,5,1
1,-0.557449639360495,0.8,0,5,1
1,0.805702288976437,0.8,0,5,1
1,-0.597229479590505,0.8,0,5,1
1,0.986769863596017,0.8,0,5,1
1,1.10130407942216,0.8,0,5,1
1,-1.96235319122504,0.8,0,5,1
1,-0.291748602024485,0.8,0,5,1
1,0.167679934469767,0.8,0,5,1
0,4.68742955603748,0.8,0,5,1
1,0.488296698394955,0.8,0,5,1
0,5.71470619132183,0.8,0,5,1
1,0.468971760074208,0.8,0,5,1
1,0.806123263592213,0.8,0,5,1
1,-0.293294933750864,0.8,0,5,1
1,-0.287582488751326,0.8,0,5,1
1,-1.03698868969829,0.8,0,5,1
1,-1.50540112432801,0.8,0,5,1
0,4.18383937924651,0.8,0,5,1
1,1.69986240880968,0.8,0,5,1
1,-0.763086264548317,0.8,0,5,1
1,0.647645994369042,0.8,0,5,1
1,0.5283077123164,0.8,0,5,1
1,1.0749782228105,0.8,0,5,1
1,-1.13673385330273,0.8,0,5,1
1,-0.580466398492627,0.8,0,5,1
0,7.00171922777288,0.8,0,5,1
1,-1.88062197024023,0.8,0,5,1
1,0.33262360885001,0.8,0,5,1
1,-1.10775568207131,0.8,0,5,1
1,2.67574079585182,0.8,0,5,1
1,-0.483882474015024,0.8,0,5,1
1,-1.79234172685298,0.8,0,5,1
1,-0.07682577072231,0.8,0,5,1
1,-0.255510378526346,0.8,0,5,1
1,-0.530231429870355,0.8,0,5,1
0,6.76358634774588,0.8,0,5,1
1,-1.50652186300026,0.8,0,5,1
1,0.714509356897811,0.8,0,5,1
1,-0.905640775072037,0.8,0,5,1
1,1.3626442929547,0.8,0,5,1
1,0.687979701560331,0.8,0,5,1
1,-0.731194999064964,0.8,0,5,1
1,1.55407607614196,0.8,0,5,1
1,-0.703333269828288,0.8,0,5,1
1,1.10143816503647,0.8,0,5,1
1,-0.973902306404292,0.8,0,5,1
1,1.46619991886849,0.8,0,5,1
1,-0.340484926702145,0.8,0,5,1
1,-0.641118156058402,0.8,0,5,1
1,-0.0364026225664853,0.8,0,5,1
1,1.27602070890132,0.8,0,5,1
1,-1.85038884866061,0.8,0,5,1
1,-0.0035802700058728,0.8,0,5,1
1,0.0609212273067499,0.8,0,5,1
1,1.9638580560558,0.8,0,5,1
1,-1.4299162157815,0.8,0,5,1
1,-0.158518589629338,0.8,0,5,1
1,0.00241580894347513,0.8,0,5,1
1,0.780699292049769,0.8,0,5,1
1,0.704832976877566,0.8,0,5,1
1,-1.2562489529667,0.8,0,5,1
1,-0.843339880398736,0.8,0,5,1
1,-1.44688974290189,0.8,0,5,1
0,4.67752965835405,0.8,0,5,1
1,-0.0102587652079676,0.8,0,5,1
1,0.0712806522505788,0.8,0,5,1
0,4.41639355702248,0.8,0,5,1
1,1.18168806409233,0.8,0,5,1
1,-0.975183430828597,0.8,0,5,1
1,0.572967370493168,0.8,0,5,1
1,-0.943514417304648,0.8,0,5,1
1,-0.733111877421952,0.8,0,5,1
1,-1.28865320152105,0.8,0,5,1
0,6.07785032320562,0.8,0,5,1
1,-1.80497577381603,0.8,0,5,1
1,0.143087029788927,0.8,0,5,1
1,0.169085902211342,0.8,0,5,1
1,-0.656179476771346,0.8,0,5,1
0,5.78312763964355,0.8,0,5,1
0,3.95920356621175,0.8,0,5,1
0,5.33685094867599,0.8,0,5,1
1,-1.96719534905096,0.8,0,5,1
1,1.16175176076309,0.8,0,5,1
1,0.145106631047872,0.8,0,5,1
1,1.63434165849319,0.8,0,5,1
1,0.655051998486745,0.8,0,5,1
1,0.581201043276578,0.8,0,5,1
1,1.97157201447823,0.8,0,5,1
1,0.886390001309243,0.8,0,5,1
1,-1.12345693711015,0.8,0,5,1
1,-0.244003429490954,0.8,0,5,1
1,-0.421968210382174,0.8,0,5,1
0,4.71254182836717,0.8,0,5,1
1,1.56836473435279,0.8,0,5,1
0,4.33741148771279,0.8,0,5,1
1,-1.22415013568071,0.8,0,5,1
1,0.862942829061133,0.8,0,5,1
0,4.68620712655661,0.8,0,5,1
0,4.93898652416687,0.8,0,5,1
0,6.09588868268959,0.8,0,5,1
1,-0.130950479435566,0.8,0,5,1
1,1.74355935292935,0.8,0,5,1
1,-0.463956219640376,0.8,0,5,1
1,0.0706598247385691,0.8,0,5,1
1,0.455884553708724,0.8,0,5,1
1,0.501568385364368,0.8,0,5,1
1,0.619723404969519,0.8,0,5,1
1,0.936293947292698,0.8,0,5,1
1,-0.521754178741525,0.8,0,5,1
0,5.42424787702008,0.8,0,5,1
1,0.959832416858276,0.8,0,5,1
1,-0.198620809812313,0.8,0,5,1
0,4.78529158193411,0.8,0,5,1
1,-2.24515257409297,0.8,0,5,1
1,-0.256392295161705,0.8,0,5,1
1,0.690795904173712,0.8,0,5,1
1,1.12234628895228,0.8,0,5,1
1,1.03366538931573,0.8,0,5,1
1,0.447826608391904,0.8,0,5,1
0,6.77154196037941,0.8,0,5,1
1,1.14699788033095,0.8,0,5,1
1,-1.25047965932418,0.8,0,5,1
1,0.512332938823226,0.8,0,5,1
1,-2.03500353846891,0.8,0,5,1
0,6.00480433898002,0.8,0,5,1
1,0.817123601225002,0.8,0,5,1
1,-0.203674367247135,0.8,0,5,1
0,5.61967725620979,0.8,0,5,1
1,0.964454066843779,0.8,0,5,1
0,5.17574165450177,0.8,0,5,1
0,4.4283498529948,0.8,0,5,1
1,1.28223303234921,0.8,0,5,1
1,0.25440338911622,0.8,0,5,1
1,-0.339676971961898,0.8,0,5,1
1,1.18528925142666,0.8,0,5,1
1,1.41682683471578,0.8,0,5,1
1,0.406564509439585,0.8,0,5,1
1,1.08715025123701,0.8,0,5,1
1,1.03389166993791,0.8,0,5,1
0,6.12358542318002,0.8,0,5,1
1,0.738242549969547,0.8,0,5,1
1,-0.84247625893675,0.8,0,5,1
1,1.12323910895621,0.8,0,5,1
1,-1.33525871255432,0.8,0,5,1
1,0.923800027279593,0.8,0,5,1
0,5.67574391664229,0.8,0,5,1
1,1.02950822207653,0.8,0,5,1
0,6.38228400775579,0.8,0,5,1
1,0.29362343145346,0.8,0,5,1
1,-0.220894597616442,0.8,0,5,1
1,0.868577430554276,0.8,0,5,1
1,-1.22499115544077,0.8,0,5,1
1,-0.711444696028026,0.8,0,5,1
1,-1.08690881697743,0.8,0,5,1
1,1.37923613235957,0.8,0,5,1
1,-0.0118617814307389,0.8,0,5,1
1,-1.13473181271634,0.8,0,5,1
1,-0.425981341802302,0.8,0,5,1
0,6.18824732398677,0.8,0,5,1
1,-1.72663059586351,0.8,0,5,1
1,0.137021551839759,0.8,0,5,1
1,0.668260975976705,0.8,0,5,1
1,1.51344747790919,0.8,0,5,1
1,1.97963332091796,0.8,0,5,1
1,-1.34470094021425,0.8,0,5,1
1,-1.66366871188344,0.8,0,5,1
1,-1.81400431594379,0.8,0,5,1
1,0.961290563877483,0.8,0,5,1
1,-0.398891296274394,0.8,0,5,1
1,0.183661842799281,0.8,0,5,1
1,-1.58496788140673,0.8,0,5,1
1,2.34949332061946,0.8,0,5,1
1,0.290325674488996,0.8,0,5,1
1,-0.544319352621665,0.8,0,5,1
0,4.807389745046,0.8,0,5,1
0,4.43628344409337,0.8,0,5,1
1,-0.654835313414718,0.8,0,5,1
0,7.2363228395069,0.8,0,5,1
1,0.538064580118696,0.8,0,5,1
0,4.01645768650419,0.8,0,5,1
0,5.32420944837991,0.8,0,5,1
0,8.05574236888186,0.8,0,5,1
1,1.52396904657475,0.8,0,5,1
0,5.15756055546395,0.8,0,5,1
0,4.15280950523862,0.8,0,5,1
1,-1.95615022247248,0.8,0,5,1
1,-1.57291787448497,0.8,0,5,1
1,0.659550870534498,0.8,0,5,1
1,-0.925201228333342,0.8,0,5,1
1,-0.324576307824521,0.8,0,5,1
1,-0.82843838141111,0.8,0,5,1
1,-0.953779266719918,0.8,0,5,1
1,-1.37150234266345,0.8,0,5,1
1,0.796092713239834,0.8,0,5,1
0,7.96174336329718,0.8,0,5,1
1,-0.308817971515212,0.8,0,5,1
1,0.863742551050667,0.8,0,5,1
1,-0.0560704196424014,0.8,0,5,1
1,0.696219512124101,0.8,0,5,1
1,-0.119090670970556,0.8,0,5,1
0,7.24535873649262,0.8,0,5,1
1,-0.623049782354728,0.8,0,5,1
1,1.24835850574632,0.8,0,5,1
1,0.186035137157474,0.8,0,5,1
1,-0.778723557443433,0.8,0,5,1
1,0.320176726180939,0.8,0,5,1
1,0.750979936841002,0.8,0,5,1
1,0.634702931419534,0.8,0,5,1
1,0.222146147097025,0.8,0,5,1
1,1.10364101842281,0.8,0,5,1
0,4.69682237592782,0.8,0,5,1
1,1.64408045682029,0.8,0,5,1
1,-1.44168737326599,0.8,0,5,1
1,0.222370494855364,0.8,0,5,1
1,-0.390980246970602,0.8,0,5,1
1,-0.658911999778006,0.8,0,5,1
1,1.49827263110128,0.8,0,5,1
1,-0.931480298730843,0.8,0,5,1
0,4.97545614321238,0.8,0,5,1
1,-0.526152469412621,0.8,0,5,1
1,-0.370993055631982,0.8,0,5,1
1,0.264422549440984,0.8,0,5,1
1,1.80637426901351,0.8,0,5,1
1,-1.032900238582,0.8,0,5,1
1,-1.63913683863791,0.8,0,5,1
1,0.71527594710452,0.8,0,5,1
1,0.303198815157789,0.8,0,5,1
0,4.53718058004366,0.8,0,5,1
1,0.178014001983679,0.8,0,5,1
1,1.77376261131718,0.8,0,5,1
1,1.44433440341685,0.8,0,5,1
0,5.68924373297718,0.8,0,5,1
1,0.106191315649615,0.8,0,5,1
1,0.737213733789873,0.8,0,5,1
0,6.8138247108031,0.8,0,5,1
1,-1.13391666127592,0.8,0,5,1
1,-0.880188098361493,0.8,0,5,1
1,-1.00706236611934,0.8,0,5,1
1,1.16673685848217,0.8,0,5,1
0,5.34390999957798,0.8,0,5,1
1,-1.82274977874303,0.8,0,5,1
1,-0.171852130422256,0.8,0,5,1
1,-0.199064505046577,0.8,0,5,1
1,2.16911586935979,0.8,0,5,1
1,0.794146065960578,0.8,0,5,1
1,-0.36755076555405,0.8,0,5,1
1,0.183818514335766,0.8,0,5,1
0,5.67611200555664,0.8,0,5,1
0,4.33105169493552,0.8,0,5,1
1,-0.933970133276432,0.8,0,5,1
1,-0.283552996658377,0.8,0,5,1
1,2.25188277593107,0.8,0,5,1
1,-2.05653763082834,0.8,0,5,1
1,1.19369166611409,0.8,0,5,1
1,1.21615086364153,0.8,0,5,1
1,0.214421481278423,0.8,0,5,1
1,-0.419643268277284,0.8,0,5,1
1,0.964732769529999,0.8,0,5,1
1,-3.08236361762711,0.8,0,5,1
0,2.76021702417823,0.8,0,5,1
1,2.5651376308499,0.8,0,5,1
1,-2.51442512196431,0.8,0,5,1
0,5.69889867644873,0.8,0,5,1
0,3.83924812438077,0.8,0,5,1
0,5.13630074888881,0.8,0,5,1
0,5.73906268112837,0.8,0,5,1
1,-0.0490830704213224,0.8,0,5,1
1,0.878110262544797,0.8,0,5,1
1,-1.78992736305942,0.8,0,5,1
0,2.00305069677222,0.8,0,5,1
1,-1.03745247787329,0.8,0,5,1
1,0.505067589582035,0.8,0,5,1
0,4.44113324837458,0.8,0,5,1
1,0.463658648401867,0.8,0,5,1
1,0.847633094517202,0.8,0,5,1
1,0.748910820862606,0.8,0,5,1
1,2.41550514781967,0.8,0,5,1
0,4.18453934838972,0.8,0,5,1
1,-0.0977651328537683,0.8,0,5,1
1,0.676452747462629,0.8,0,5,1
1,0.559334174677927,0.8,0,5,1
1,0.512801321922257,0.8,0,5,1
0,5.08633493464655,0.8,0,5,1
0,4.68670711462047,0.8,0,5,1
1,1.06635240150111,0.8,0,5,1
1,-1.4827516780218,0.8,0,5,1
1,-0.286851564932277,0.8,0,5,1
0,6.11193184503695,0.8,0,5,1
1,-1.38980263513465,0.8,0,5,1
1,0.0693956473744585,0.8,0,5,1
1,0.239241429733866,0.8,0,5,1
1,-1.91234579604708,0.8,0,5,1
1,-1.97539995549019,0.8,0,5,1
1,-0.540872744514261,0.8,0,5,1
1,-2.31997111064677,0.8,0,5,1
1,-1.45096396539936,0.8,0,5,1
1,-0.219049185027993,0.8,0,5,1
1,-0.591428470216157,0.8,0,5,1
1,-0.592726276211563,0.8,0,5,1
1,2.03610360936432,0.8,0,5,1
1,-1.18320114377078,0.8,0,5,1
1,0.78500640067928,0.8,0,5,1
1,-0.354855101122474,0.8,0,5,1
0,3.74764407582734,0.8,0,5,1
1,-0.638495082764192,0.8,0,5,1
1,-1.30835351258276,0.8,0,5,1
1,-0.615286633898218,0.8,0,5,1
1,-0.398376014093638,0.8,0,5,1
1,0.229467460211587,0.8,0,5,1
1,0.877184841651799,0.8,0,5,1
1,1.17589486284909,0.8,0,5,1
0,5.87000552469028,0.8,0,5,1
0,4.99734385406987,0.8,0,5,1
1,0.470489453107761,0.8,0,5,1
1,-0.501007298323028,0.8,0,5,1
0,4.07341385785405,0.8,0,5,1
0,5.08557865550033,0.8,0,5,1
1,0.742081771926477,0.8,0,5,1
1,-1.17455015278998,0.8,0,5,1
0,5.15185603954598,0.8,0,5,1
1,0.407143172985132,0.8,0,5,1
1,-1.01046508600421,0.8,0,5,1
0,4.4604572243603,0.8,0,5,1
1,-0.25120795895565,0.8,0,5,1
0,5.9233135889752,0.8,0,5,1
1,1.71115850747586,0.8,0,5,1
1,1.00306994184217,0.8,0,5,1
1,1.36411919539957,0.8,0,5,1
0,5.40099475172178,0.8,0,5,1
1,-1.41037496599359,0.8,0,5,1
1,0.755255204096761,0.8,0,5,1
1,-1.83392857727967,0.8,0,5,1
1,1.82384889196853,0.8,0,5,1
1,0.855519222050403,0.8,0,5,1
1,-0.389138967555721,0.8,0,5,1
1,0.254948236041434,0.8,0,5,1
0,5.20438695568912,0.8,0,5,1
1,-1.60431026176048,0.8,0,5,1
1,-0.21868323148074,0.8,0,5,1
1,-0.0601191913503692,0.8,0,5,1
1,1.76928938131034,0.8,0,5,1
1,0.393093925514259,0.8,0,5,1
1,-0.34008018673278,0.8,0,5,1
1,-0.622962659764788,0.8,0,5,1
0,5.15691258815271,0.8,0,5,1
1,0.666763771442479,0.8,0,5,1
1,0.340690846881679,0.8,0,5,1
1,0.711213964323878,0.8,0,5,1
1,1.36336214072055,0.8,0,5,1
1,-0.125309208413434,0.8,0,5,1
1,1.13571696008971,0.8,0,5,1
0,6.06388115448751,0.8,0,5,1
1,0.496621993348566,0.8,0,5,1
1,0.241895903606986,0.8,0,5,1
1,0.0619580809885499,0.8,0,5,1
1,-0.248247104968965,0.8,0,5,1
1,-1.24717099259045,0.8,0,5,1
0,4.00587553069058,0.8,0,5,1
1,0.491880850231564,0.8,0,5,1
1,0.576085600512206,0.8,0,5,1
1,0.236554398899039,0.8,0,5,1
1,0.334980103391354,0.8,0,5,1
1,-0.628854147963827,0.8,0,5,1
1,0.677053890943881,0.8,0,5,1
1,-1.09455740887973,0.8,0,5,1
1,-0.104852065234789,0.8,0,5,1
1,1.00672904071939,0.8,0,5,1
1,-0.439857636843203,0.8,0,5,1
1,-0.808773130246767,0.8,0,5,1
1,1.24548917675143,0.8,0,5,1
1,0.70202928852553,0.8,0,5,1
1,-2.47196171011946,0.8,0,5,1
1,-0.770522588827247,0.8,0,5,1
0,6.54232578795203,0.8,0,5,1
1,-0.881977272391436,0.8,0,5,1
1,-1.39762961790436,0.8,0,5,1
1,1.86528990382351,0.8,0,5,1
1,-1.19853361008649,0.8,0,5,1
1,2.27707702048529,0.8,0,5,1
1,-0.684297394658662,0.8,0,5,1
1,1.30179820980135,0.8,0,5,1
1,-1.3053959238053,0.8,0,5,1
0,4.89007389999775,0.8,0,5,1
1,-0.4882025094258,0.8,0,5,1
1,0.0813184263588785,0.8,0,5,1
1,0.814063415145414,0.8,0,5,1
1,1.50284367250074,0.8,0,5,1
0,4.8570952890789,0.8,0,5,1
1,-0.58143424593084,0.8,0,5,1
0,4.76208447232966,0.8,0,5,1
1,-0.417081728622691,0.8,0,5,1
1,-0.132499628013521,0.8,0,5,1
1,-0.153078892479971,0.8,0,5,1
1,-0.709363461552928,0.8,0,5,1
0,5.22508839686098,0.8,0,5,1
1,-0.186935267573857,0.8,0,5,1
1,1.10947973444455,0.8,0,5,1
1,0.762906317886378,0.8,0,5,1
1,0.793703174446667,0.8,0,5,1
1,-0.43932265687835,0.8,0,5,1
1,-0.237384993341795,0.8,0,5,1
0,5.49661257577875,0.8,0,5,1
0,5.65597502012959,0.8,0,5,1
1,1.24612253397107,0.8,0,5,1
1,1.13579957048336,0.8,0,5,1
1,-0.981075755246316,0.8,0,5,1
1,-1.41596692034545,0.8,0,5,1
1,-0.0128280098786072,0.8,0,5,1
1,0.633953389868128,0.8,0,5,1
1,0.771268501872661,0.8,0,5,1
0,5.10880826805288,0.8,0,5,1
1,-0.261264878093957,0.8,0,5,1
0,6.81148086284635,0.8,0,5,1
1,1.1315325132809,0.8,0,5,1
1,0.497216116785717,0.8,0,5,1
0,6.21830537874678,0.8,0,5,1
1,-0.371810021678632,0.8,0,5,1
1,0.0155152433487359,0.8,0,5,1
1,0.184774465189591,0.8,0,5,1
1,-0.641401156182851,0.8,0,5,1
1,-1.62031664961806,0.8,0,5,1
1,-1.85682962839986,0.8,0,5,1
1,0.760994764385555,0.8,0,5,1
1,0.907444407728329,0.8,0,5,1
1,0.343252396332462,0.8,0,5,1
1,0.725043170475101,0.8,0,5,1
0,5.2796749394497,0.8,0,5,1
1,1.30449707663973,0.8,0,5,1
1,0.165790906435476,0.8,0,5,1
1,1.26514414014377,0.8,0,5,1
0,5.45653031591436,0.8,0,5,1
1,-0.291160143634804,0.8,0,5,1
1,0.106862374721809,0.8,0,5,1
0,4.48280044521858,0.8,0,5,1
0,4.79702243539893,0.8,0,5,1
0,4.94531562416187,0.8,0,5,1
1,-1.1341460777791,0.8,0,5,1
1,-0.705771414843546,0.8,0,5,1
1,-0.440626742921266,0.8,0,5,1
1,-0.0725931047832675,0.8,0,5,1
1,-0.530295274179473,0.8,0,5,1
1,0.40148074643659,0.8,0,5,1
1,1.47519067158466,0.8,0,5,1
1,0.847801407504121,0.8,0,5,1
1,-1.63893147324899,0.8,0,5,1
1,-0.291324804724124,0.8,0,5,1
1,-0.416276479864183,0.8,0,5,1
1,2.39057669996185,0.8,0,5,1
1,0.457564224380339,0.8,0,5,1
1,-1.33605374450295,0.8,0,5,1
1,-0.725653898475451,0.8,0,5,1
1,-0.153317255754176,0.8,0,5,1
1,1.40352521965837,0.8,0,5,1
1,0.06526641700069,0.8,0,5,1
0,4.80592354986333,0.8,0,5,1
1,1.31469627531537,0.8,0,5,1
1,-0.294188270055686,0.8,0,5,1
1,0.607455555255871,0.8,0,5,1
1,-1.11690607018318,0.8,0,5,1
0,3.68770121662865,0.8,0,5,1
1,-0.0697948818035009,0.8,0,5,1
1,-0.928557924611241,0.8,0,5,1
1,1.26555626945486,0.8,0,5,1
0,4.99433210685947,0.8,0,5,1
1,-0.789782099328316,0.8,0,5,1
0,4.14299138067127,0.8,0,5,1
0,4.40092403242632,0.8,0,5,1
1,0.696845859405803,0.8,0,5,1
0,5.34599046710941,0.8,0,5,1
1,2.04881758195934,0.8,0,5,1
0,4.14654490842122,0.8,0,5,1
1,0.624332983926657,0.8,0,5,1
1,0.331725218971662,0.8,0,5,1
1,-1.5762335600693,0.8,0,5,1
1,-1.130392438504,0.8,0,5,1
0,7.08977295667316,0.8,0,5,1
1,-0.248902063051911,0.8,0,5,1
1,0.18199449457932,0.8,0,5,1
0,7.4617657774448,0.8,0,5,1
0,5.40794415253402,0.8,0,5,1
0,5.44339386404475,0.8,0,5,1
1,0.497722203347278,0.8,0,5,1
0,5.48944936409097,0.8,0,5,1
1,-0.05400259559406,0.8,0,5,1
1,-0.449159938986847,0.8,0,5,1
1,-0.405825246363776,0.8,0,5,1
1,0.323837305191304,0.8,0,5,1
1,1.31616716303968,0.8,0,5,1
1,0.476659468628495,0.8,0,5,1
1,1.56757305821464,0.8,0,5,1
1,1.16641398381925,0.8,0,5,1
1,-1.07377241040219,0.8,0,5,1
1,-0.688795455501744,0.8,0,5,1
1,-0.527275410724916,0.8,0,5,1
0,3.16118509727448,0.8,0,5,1
1,0.195880789394313,0.8,0,5,1
1,0.0657388319486859,0.8,0,5,1
0,4.83232085293856,0.8,0,5,1
0,4.09472522122275,0.8,0,5,1
1,1.08676877525818,0.8,0,5,1
1,-0.885634952493146,0.8,0,5,1
1,-0.058414483783753,0.8,0,5,1
1,-1.2965938013854,0.8,0,5,1
1,-0.638404646984218,0.8,0,5,1
0,3.37506854553806,0.8,0,5,1
1,-1.78778013751545,0.8,0,5,1
1,-0.40979684048031,0.8,0,5,1
1,-0.825930678709155,0.8,0,5,1
1,1.11311048246779,0.8,0,5,1
1,-0.410742194759605,0.8,0,5,1
1,1.01653725648522,0.8,0,5,1
1,0.760177665022408,0.8,0,5,1
1,0.213205711580711,0.8,0,5,1
1,-2.03623741998002,0.8,0,5,1
1,-1.49538269377214,0.8,0,5,1
1,0.847295415715293,0.8,0,5,1
0,3.73066649917492,0.8,0,5,1
1,-1.11333746215215,0.8,0,5,1
1,0.949049120517454,0.8,0,5,1
1,-1.05965688786145,0.8,0,5,1
1,0.289454188809442,0.8,0,5,1
1,0.0681565280589811,0.8,0,5,1
1,1.19317744537129,0.8,0,5,1
1,-0.340454835360631,0.8,0,5,1
1,0.20949096570613,0.8,0,5,1
1,0.229212041805047,0.8,0,5,1
1,-0.697496645236472,0.8,0,5,1
1,-1.30616845900918,0.8,0,5,1
1,1.53452554964126,0.8,0,5,1
1,1.70379920381415,0.8,0,5,1
1,0.28592512852431,0.8,0,5,1
1,-1.40550544636836,0.8,0,5,1
1,0.557649807951783,0.8,0,5,1
1,0.252069319747878,0.8,0,5,1
1,-1.29225679810922,0.8,0,5,1
1,0.720091121287667,0.8,0,5,1
0,5.09229635813226,0.8,0,5,1
0,6.11436266207131,0.8,0,5,1
1,-0.405699489500199,0.8,0,5,1
1,-0.157981738669148,0.8,0,5,1
1,-0.258303487383897,0.8,0,5,1
1,-0.708912991624368,0.8,0,5,1
1,0.667308111566995,0.8,0,5,1
1,-0.0520994639309632,0.8,0,5,1
1,-0.748624469284024,0.8,0,5,1
1,1.51268587551728,0.8,0,5,1
1,0.803537214575033,0.8,0,5,1
1,-0.430009336385521,0.8,0,5,1
1,0.796645366222671,0.8,0,5,1
1,-0.0849324781188742,0.8,0,5,1
1,1.90437655809446,0.8,0,5,1
1,0.796422813520926,0.8,0,5,1
1,1.14495456166141,0.8,0,5,1
1,1.54688133441627,0.8,0,5,1
1,-1.24096618316347,0.8,0,5,1
0,4.23270122142491,0.8,0,5,1
1,-1.17888907358065,0.8,0,5,1
1,0.369910961287378,0.8,0,5,1
1,-1.77536931415908,0.8,0,5,1
1,-0.66738180392146,0.8,0,5,1
0,3.96952021834723,0.8,0,5,1
1,-0.494249394753101,0.8,0,5,1
1,1.66977906823403,0.8,0,5,1
1,-0.11498040088108,0.8,0,5,1
1,-2.76787078074165,0.8,0,5,1
1,1.29256873846574,0.8,0,5,1
0,5.5070680091566,0.8,0,5,1
1,0.329469783429092,0.8,0,5,1
0,4.41581786775068,0.8,0,5,1
1,1.32857637262015,0.8,0,5,1
1,1.48619506305351,0.8,0,5,1
1,0.19294978270913,0.8,0,5,1
1,-0.593561886139014,0.8,0,5,1
1,-0.55051340508595,0.8,0,5,1
0,4.27093207704964,0.8,0,5,1
1,0.963994790082482,0.8,0,5,1
1,-1.56515272846716,0.8,0,5,1
0,7.18083368623473,0.8,0,5,1
1,-0.200216790286625,0.8,0,5,1
1,1.57531667679071,0.8,0,5,1
1,0.616557585972896,0.8,0,5,1
1,-0.329930487313703,0.8,0,5,1
1,0.277124491612893,0.8,0,5,1
1,-1.29117343884522,0.8,0,5,1
0,4.75961115004163,0.8,0,5,1
1,0.233560571320303,0.8,0,5,1
1,1.80165660256319,0.8,0,5,1
1,0.0633457930705781,0.8,0,5,1
1,-1.36773575401196,0.8,0,5,1
1,0.124035547905759,0.8,0,5,1
1,-0.569525680019959,0.8,0,5,1
1,1.38770886795755,0.8,0,5,1
1,-0.0187040077144997,0.8,0,5,1
1,-0.274880403443707,0.8,0,5,1
1,1.50760424112348,0.8,0,5,1
0,4.25675231802475,0.8,0,5,1
1,0.0930039414846023,0.8,0,5,1
0,4.17274695595374,0.8,0,5,1
0,4.85188757031244,0.8,0,5,1
1,-1.0990821816966,0.8,0,5,1
1,2.811991503936,0.8,0,5,1
1,-1.95002527285931,0.8,0,5,1
1,0.842305258867635,0.8,0,5,1
1,-0.580971315835475,0.8,0,5,1
0,5.09315312387146,0.8,0,5,1
1,-0.937992531749062,0.8,0,5,1
1,-1.602759269823,0.8,0,5,1
1,-0.44393142602891,0.8,0,5,1
1,1.08278976872717,0.8,0,5,1
1,0.758397523687175,0.8,0,5,1
1,-1.65211177442167,0.8,0,5,1
1,0.132171664674437,0.8,0,5,1
1,-0.738664890089173,0.8,0,5,1
1,0.41264145683315,0.8,0,5,1
1,0.868555313258112,0.8,0,5,1
1,1.09518774784029,0.8,0,5,1
0,5.71047967249031,0.8,0,5,1
1,-0.392264620281621,0.8,0,5,1
0,4.36090019787028,0.8,0,5,1
1,-0.911925870779559,0.8,0,5,1
